idx,fx1_X,fx0d5_X,fx1d5_X,fx2d5_X,fx3_X,fx5_X,fx7_X,fx1_Y,fx0d5_Y,fx1d5_Y,fx2d5_Y,fx3_Y,fx5_Y,fx7_Y,fx1_Z,fx0d5_Z,fx1d5_Z,fx2d5_Z,fx3_Z,fx5_Z,fx7_Z,Freq_Rated,Freq_Gen,CC_bus,Power,I_R_rms,I_S_rms,I_T_rms,Load,Class
1,0.421021306597886,0.0129321887694543,0.0142109889319464,0.00835555072080058,0.0333464211977031,0.166191889300766,0.117382869739171,0.428924126057445,0.0111169569168388,0.0167849838766696,0.00748766609457901,0.02688731186654,0.171885323238014,0.120105883911525,0.421846043601936,0.00963352026546685,0.0172584820927008,0.00931355164514229,0.024016283809409,0.168449226578589,0.115534513367337,45,43.79,361,0.51,2.84492573118618,2.72398937220626,2.84575246369428,0,3
2,0.401347535952676,0.0131277957151837,0.0137775382000025,0.00683619702127278,0.0357518319471845,0.141213429114704,0.134755780428307,0.422205832450678,0.0128423774569823,0.0129523159860207,0.00786381568430222,0.0291419014151346,0.156134252921977,0.140200627101277,0.425190094525581,0.0140550297385889,0.014634371093615,0.00953788496239006,0.024960904944485,0.169025535818429,0.143084734812405,45,43.81,360,0.51,2.81577401745139,2.69249146738658,2.81782288116469,0,3
3,0.392460694764981,0.0118669213254389,0.0168123610524737,0.0125074134562868,0.0266774704059117,0.16018429465674,0.117152234380844,0.404100426324483,0.0104687608133181,0.0133432884550516,0.0127230680107583,0.0268032071006711,0.143732813838128,0.140133166714782,0.399410729272322,0.0128723983218062,0.0143990347103613,0.00979899146083837,0.0247230516578149,0.161451727623454,0.11744856833028,45,43.83,358,0.5,2.78449759761626,2.65845993417911,2.78492511723715,0,3
4,0.319093500878956,0.00695937591182996,0.0131474938840089,0.0102485366349587,0.0216381002508491,0.14102035154249,0.110069135989873,0.318783224368515,0.0101182913708552,0.0113316624231944,0.0134106204127499,0.0319579053916011,0.143492323090521,0.106166457817036,0.315940855353334,0.011652633288871,0.011930738857738,0.0102899449596551,0.0158389767114623,0.14831120634343,0.107673170696113,45,43.85,357,0.48,2.7507607300395,2.62831461394681,2.75498614240083,0,3
5,0.376685924054587,0.00974764724076791,0.0120703319813912,0.0103904236245942,0.0235150648199298,0.146211435456496,0.135129262828597,0.39102591362382,0.0108173024598387,0.0147664322529209,0.0112097043401615,0.0283993589001832,0.149106079929663,0.135765168450802,0.384341358654231,0.0106916719639836,0.0145738748005878,0.0080397819630197,0.0275757014073385,0.140266255479621,0.139992658686124,45,43.87,355,0.48,2.71528666788981,2.59621524810626,2.72327601570583,0,3
6,0.396473981032999,0.0127208785061878,0.0147007998776255,0.0110605132602318,0.0219309250252091,0.141631773476243,0.115209596157716,0.398519124082218,0.0132920460469993,0.0160863241609547,0.00841929560686919,0.0228912289288647,0.143863583801103,0.108781575580171,0.390036004428046,0.00976608303244227,0.0112353168155909,0.0109710261560643,0.0432530980544772,0.134499735513095,0.115779082073151,45,43.89,353,0.48,2.68187710377233,2.56223502533858,2.69079297785367,0,3
7,0.399836707741854,0.0119118329750228,0.0181309047088741,0.0103859173965746,0.0236415697607211,0.126268783782619,0.120471502591589,0.397940538992338,0.0115257826854149,0.0127129073799507,0.0105808501329808,0.0344668051313193,0.146225874508319,0.103168959606291,0.417088987049189,0.010534809310869,0.0156248710655659,0.0106474133760201,0.0265342603176617,0.113830849573181,0.116220675581556,45,43.91,351,0.46,2.64800770091931,2.5287449278422,2.6542426138428,0,3
8,0.393642115959707,0.0100412248008071,0.0205775533914662,0.0153580723293889,0.0340169146369755,0.159783923853596,0.112195233458516,0.366582725092571,0.0106519823703289,0.0173676711373294,0.0209012984886114,0.0309933097152438,0.160151357183286,0.117239287172991,0.38328939281817,0.0139266561877925,0.0194584593998045,0.0122757231736188,0.0233959961327615,0.156645055838375,0.117783935120658,45,43.93,349,0.45,2.60064625514862,2.48100752676471,2.608257717608,0,3
9,0.322873159642472,0.0170002508054154,0.0152894568100523,0.00854535845336466,0.0282040157719374,0.142297102602064,0.117678882936385,0.340208192961865,0.00844741061822016,0.0115258369854097,0.0123457163922002,0.0274592048978016,0.150464497679028,0.128071046029748,0.309341945055688,0.0122157837642086,0.013476733249563,0.0100784914083547,0.0358553590100591,0.141220736644248,0.117582495847424,45,43.95,347,0.44,2.55722356708292,2.44261076324736,2.56981043942614,0,3
10,0.361594365399436,0.00743921227645224,0.0170639000662409,0.0114071877374509,0.0334952036177469,0.147554032842428,0.134242018264311,0.381730851051627,0.00994649070544293,0.0120363999095206,0.0117399781583541,0.0229193435953558,0.134835687035112,0.124976036734414,0.375719679643068,0.00969423592393768,0.0110709114162472,0.00903385393129092,0.0300837540651798,0.153980380586071,0.12927471093106,45,43.97,343,0.42,2.50338095804278,2.37180725432493,2.50180123112587,0,3
11,0.413139597543033,0.0219635277229854,0.0221121878103021,0.0163751120173108,0.0264287471593067,0.139011498622772,0.111656178683443,0.398869176199494,0.0175025771610049,0.019681576507626,0.00965778826752916,0.0309910324580887,0.137345192393123,0.100335557080463,0.410526890847678,0.00967654978973868,0.0166571579077339,0.0189604750879997,0.0241274342380233,0.140595195410947,0.120003224199596,45,43.99,341,0.41,2.46691223645804,2.34038967196584,2.46560111069431,0,3
12,0.393460916119413,0.0262462626589634,0.0271456137718755,0.0132398651235425,0.0219769778635152,0.117048356760318,0.12044225025347,0.388915861981133,0.0302639491504721,0.0237032203105701,0.0117003242497887,0.0353609851900345,0.12836914136339,0.120270294784276,0.398778174861985,0.025305339982442,0.0222914523157686,0.0111602615493507,0.0269760225005878,0.12005316573249,0.108251090511929,45,44.01,339,0.4,2.43137708048843,2.305960674274,2.42970343161469,0,3
13,0.373901269068175,0.0100733066246112,0.0158398244794946,0.013439651058828,0.0274137992351713,0.123349437482006,0.132333059732238,0.38084400860135,0.00995900255437354,0.0179969597901068,0.012432385770568,0.0207401474914044,0.141489478938765,0.123487795534817,0.377693502237025,0.0119307983143817,0.0116826230154504,0.0137944113070356,0.0230239756367177,0.127342561624164,0.126714666818686,45,44.03,337,0.39,2.38888911952163,2.26534284937654,2.38575273614839,0,3
14,0.325265074374111,0.0114163693105522,0.0092177356648305,0.0108628121287043,0.0202919269128545,0.132331250002491,0.114973440117737,0.324616269672588,0.00999769508479315,0.02435505762649,0.0131829534009843,0.0327429530550572,0.127642908659731,0.111953931124952,0.313562888164976,0.0115437536776142,0.0102486336237114,0.0144742229061259,0.0195198115058997,0.124784387577562,0.12035082650766,45,44.05,334,0.38,2.36195997745935,2.24103827477304,2.3605671582774,0,3
15,0.377716966353587,0.0111926611885377,0.0104619481619982,0.0100318685582741,0.0218532245785147,0.153422371361141,0.143334326835857,0.405745491811553,0.0108281152452978,0.0148501835218586,0.0150720547290366,0.0205353017278534,0.153385762741462,0.12405209665386,0.413711545336657,0.010678358829157,0.0183137005959516,0.016726490070733,0.0201315945479168,0.151482153088358,0.130697698597225,45,44.07,331,0.37,2.29639584821858,2.18580147194901,2.29254092921678,0,3
16,0.40261289576747,0.01139451801865,0.0121065007017774,0.0114223434802051,0.0271544143112602,0.148613858802547,0.112387282266593,0.368448152124135,0.0127679984471404,0.0111707992746112,0.00965177000875122,0.0324209094889594,0.142076727861025,0.101170273822587,0.424430991911746,0.0171733753450707,0.0213114737960354,0.0125680561806448,0.0175290939772954,0.147713420819592,0.108609656252002,45,44.09,329,0.37,2.25125272698058,2.14161159911574,2.24754127804156,0,3
17,0.390438394305125,0.0267019798049564,0.0283629594622569,0.0142157732801318,0.0248714864560269,0.143673921251338,0.130884973184939,0.388786133383518,0.0377644137057411,0.0265394908343118,0.0124488986386775,0.031248621301925,0.145072063389182,0.130696099012359,0.385089426436931,0.0320270268808287,0.0283882192061298,0.0155540618557052,0.0256341941744941,0.148816469399274,0.12911618713723,45,44.11,326,0.35,2.21382821982242,2.10721131459713,2.21260752642799,0,3
18,0.353397065148461,0.0129383540063584,0.0139410479059798,0.0108587614383145,0.0305344645109145,0.13810698978077,0.116120928655885,0.373026873680185,0.00948370128769853,0.00981292351193359,0.00821495611411928,0.0337019372305144,0.145990857429102,0.116344306163083,0.363964611165477,0.0092130299168418,0.0166973563010917,0.0105839663175021,0.0244212277349221,0.143765340858428,0.113340633762273,45,44.13,323,0.34,2.16889979440645,2.0608308223603,2.1775981740647,0,3
19,0.31416537958283,0.0137780135503955,0.0111575997535638,0.0136610069832242,0.0192492734214153,0.117969545731447,0.112166115724303,0.315483754759586,0.0130073552212883,0.0166511319799439,0.0122126213388127,0.0193022469006978,0.119527093525296,0.110465032055111,0.307218052880207,0.00980677917837662,0.00896505332852655,0.0105496783818081,0.0188821237289974,0.119406959300985,0.114538728740477,45,44.15,319,0.33,2.13963754041013,2.03394005734277,2.14686785142515,0,3
20,0.368047001860804,0.010900178662426,0.0165028574386033,0.0261272684236033,0.0191594275710047,0.116413392802774,0.133120010509359,0.37483263626441,0.00883538213624532,0.0229862233406858,0.0208243131508844,0.0400033196342466,0.110258679845418,0.123953622210349,0.378525509054634,0.00984173735339946,0.0141170116645588,0.0264416170851219,0.0208556657087567,0.114974247755348,0.131256341717504,45,44.17,316,0.32,2.08285204359176,1.97664081890175,2.08501676682685,0,3
21,0.359985217255781,0.0202722991606779,0.0423575508465399,0.065002500555202,0.0190618631153294,0.144817115751707,0.114242254408217,0.366771939694123,0.0216423167387184,0.0454279644423455,0.0629190086328826,0.0175855240325058,0.141721060635085,0.119258329836336,0.361314705206898,0.014631161894924,0.0448065485522529,0.061157808326835,0.0166943805989092,0.15754648659574,0.12637038801795,45,44.19,309,0.3,2.0334612728209,1.92656199139175,2.02727806440573,0,3
22,0.372968765512014,0.0126282198929072,0.0389498165337508,0.0286422128463665,0.017861915274027,0.150968690809468,0.117805248426884,0.383464376835445,0.00795772005902217,0.0345602465058166,0.0350138587032185,0.0181956580112146,0.154949939234876,0.126510809704949,0.371160232469283,0.0168671720981314,0.0406831245743177,0.0285677615743068,0.0194407865709537,0.151751676526854,0.123866943335056,45,44.21,305,0.29,1.96658945174818,1.86042681950652,1.95587691886361,0,3
23,0.345929579018908,0.00854595288387832,0.0157605535999962,0.00988370087325524,0.0171936933046233,0.130741992623754,0.113846121516613,0.348484289991178,0.00738658866330056,0.0130498691958539,0.00930139098251334,0.0199322520944516,0.120332844837107,0.116562270368111,0.348752918119244,0.00854459014138468,0.0108947049778704,0.0089410207474366,0.0180842092898113,0.129638080482199,0.109365195693069,45,44.23,301,0.28,1.91869052830687,1.81232369478189,1.90279725465541,0,3
24,0.277521712819674,0.0088488325502349,0.0114503123322062,0.0109084043850258,0.0189878461210558,0.129218293305303,0.0938309195057109,0.288187668938958,0.0091437606077103,0.00857857863121466,0.00708209853971284,0.0201130947227287,0.130302397777336,0.112685295768534,0.288257579908282,0.0108230541486257,0.0130118960931959,0.00659551994017965,0.0238772836425308,0.13830669185148,0.106305810691411,45,44.25,295,0.26,1.87147146661595,1.7645801878874,1.85109716473564,0,3
25,0.309256636616184,0.00766121370898994,0.0124772372348581,0.00838103499455477,0.019066998132476,0.131780793776533,0.108044246641452,0.31282658753971,0.00866163808646158,0.0124778944797501,0.00710920048548797,0.0152191291529287,0.104855771378567,0.112652465855377,0.32146954873283,0.0102386935747772,0.0119791565453313,0.0102011040317976,0.0294863318459795,0.126086347337284,0.105865124388468,45,44.27,291,0.26,1.82310975312624,1.72212229143076,1.80308091312747,0,3
26,0.31909994511827,0.0127119592091739,0.0494169555715026,0.0414977158002329,0.0185247780945388,0.12487368521379,0.0965461223404445,0.318501052207583,0.0130890036327811,0.0483186270104317,0.0416745879993299,0.0199244293707745,0.119778249137696,0.0998778814014891,0.324250014833585,0.0143574454915869,0.045889469584365,0.0397114976531122,0.0182781154116559,0.125251524344896,0.0986345358934814,45,44.29,283,0.25,1.77250961721088,1.67305428015254,1.75042870580367,0,3
27,0.370507382333112,0.0105311667718915,0.0474649105043186,0.0388085126199424,0.0158680048291617,0.10060856179754,0.102553508236065,0.336195064509833,0.0147806175091038,0.0496176992899185,0.0406710915716808,0.0272955761727587,0.130582271528891,0.112268581677451,0.339811519799657,0.0121105085300776,0.0515500497814354,0.0363913958354412,0.0142848877684945,0.104550997557473,0.11060017849906,45,44.31,278,0.23,1.7156234238368,1.61892934107203,1.68915915568708,0,3
28,0.326939117733896,0.00813269234165498,0.01233742221396,0.0152372826815547,0.0154683252999751,0.104324616734851,0.0944090660102141,0.324003998743413,0.00904415708230257,0.0164158726955195,0.0139895364775129,0.0169018872920897,0.132324992128614,0.106621126424563,0.335113914558202,0.008624428585676,0.0128508356095202,0.0196107637521552,0.0224127400462478,0.101562442515256,0.129370692112068,45,44.33,269,0.21,1.65530553656799,1.56401179822622,1.63081266503385,0,3
29,0.274562318200445,0.0106576347632409,0.0122969512659025,0.0119695928579812,0.0113789764455759,0.129584118285748,0.105715831326367,0.269093664204819,0.0084482624100595,0.0128300467039253,0.00684921652734823,0.0222056145278729,0.109177393298461,0.103457549974151,0.277218385584575,0.0074922810524113,0.00969342565343692,0.0104906929194778,0.0216568410239217,0.133905093829659,0.109229217873661,45,44.35,259,0.2,1.56894193122431,1.48349074724105,1.54154168570936,0,3
30,0.330567592938634,0.00917597797646552,0.010133106516824,0.00649652218579751,0.0204257691749008,0.112784770772258,0.0900526070887772,0.312755505296443,0.00957355821018282,0.0128018861032882,0.00902667015359166,0.0190058788870218,0.111257030986359,0.0895514978867698,0.301105598203928,0.00769431343008288,0.0101846305883765,0.00821021328036228,0.021061889809603,0.100131419689412,0.0891537403171191,45,44.37,251,0.18,1.51366248188271,1.43396158291418,1.48924923179398,0,3
31,0.27584066884648,0.0225609154208564,0.0136270775344069,0.0152984449772718,0.020694046236209,0.114534856773384,0.0924906585598651,0.26974608799186,0.0220084336193621,0.00914866088238139,0.0172382931474813,0.0183167302547578,0.113749557507583,0.0874983726219214,0.276998137023542,0.0240944548995946,0.0160224465880132,0.0179093927587861,0.0172010153888627,0.116946496012354,0.0886482824536108,45,44.39,240,0.18,1.44789771927156,1.37469450326303,1.4239541106048,0,3
32,0.323703304294105,0.00958556467763924,0.00929397485003238,0.00816595415797974,0.0223774959226193,0.109329239239804,0.107503919154561,0.282207421467948,0.00859760536976697,0.010513394599961,0.00673678701179752,0.0201550332613617,0.0947128608556487,0.0962722321596742,0.273082287606625,0.0112600305806122,0.0164138172521418,0.00831785431231874,0.02058912502143,0.0948715736102897,0.0751583292364019,45,44.41,228,0.15,1.37086060583367,1.30244377382509,1.34754011272352,0,3
33,0.282518732130963,0.00670069974556219,0.0119615753804482,0.00928147051347678,0.0199038923600909,0.0918216755644252,0.0786477326171429,0.265844095298732,0.00755530781706645,0.0124156443708822,0.00876219284035402,0.0215682308861072,0.0908080622695552,0.0728736849322064,0.232845650517312,0.00501392255887602,0.00773825927967045,0.00777132318618484,0.0186688519662796,0.078369509617545,0.0712872161217257,45,44.43,215,0.14,1.27845166018596,1.21431481065107,1.25632986542637,0,3
34,0.402573656898552,0.0126236666997363,0.0136561337200571,0.011340157414649,0.0179750550287823,0.145536305410256,0.138315814069645,0.405104235159594,0.0117925913402288,0.00949943665490977,0.012277126769261,0.0219838864756645,0.149001290508076,0.142557071870671,0.416086841358566,0.0143076732667285,0.0135940607195351,0.00826172017574044,0.014049795526399,0.144992993596152,0.149063873246252,47.5,46.3,360,0.5,2.81534906273288,2.69457672625557,2.81826127266993,0,3
35,0.359112671351816,0.014238604316602,0.0109868113479714,0.00487592559678354,0.0245703769502773,0.123995558973233,0.182096366837172,0.387108068543116,0.0158261934620103,0.012795916715073,0.0100484398180765,0.0295846613098439,0.133816560411786,0.135366304045164,0.374707821763215,0.0170137483714576,0.0119438987534398,0.00514135118480387,0.0200134947359033,0.133409046308467,0.154361031680688,47.5,46.32,358,0.5,2.755926813853,2.63420096436156,2.75916613598605,0,3
36,0.323279765443969,0.0194944988263027,0.0163076180308032,0.00816936035293426,0.0356836997851838,0.132809450457868,0.113071832955611,0.327169531804107,0.0100906310132671,0.0126240617237569,0.00924708392521975,0.0293285151472673,0.141970895622531,0.139041816138733,0.31244132700719,0.0227422227001917,0.00978952185015328,0.00651644099950498,0.0257663305238814,0.148074103511793,0.126962939412681,47.5,46.35,354,0.46,2.6960176087991,2.56532667625669,2.6940235662649,0,3
37,0.362323955577338,0.0106922763906416,0.00789485196522459,0.00732668046116745,0.0179061991378641,0.133198041255115,0.134039615226888,0.391030873269078,0.0137177507751229,0.0148933306428164,0.00944915902942776,0.0232459902256,0.119501407720169,0.1288658487638,0.363643443235489,0.015105989209636,0.0135472551450545,0.00590407828978666,0.0218592179211572,0.111097286679262,0.146336150188155,47.5,46.37,352,0.46,2.65894177151607,2.52429914565839,2.65426254927601,0,3
38,0.396252467812444,0.0175891818980737,0.0195548313019619,0.00991344169821993,0.0185421352290369,0.131059398660878,0.128268856855,0.383796072313498,0.0150895071332217,0.013310252733472,0.0102322017971037,0.0183397134796844,0.106698273058573,0.128566683798735,0.3950561446831,0.023360715679717,0.0188585054783374,0.00945631953731987,0.017515245726634,0.129359629797257,0.132732499719536,47.5,46.39,350,0.44,2.62266327507959,2.49162937422483,2.6201719769681,0,3
39,0.374836055897794,0.0123757254405922,0.0113253810576932,0.0112804169205555,0.0195197269606338,0.137619438851138,0.130420758440043,0.39672472543809,0.0116248552338957,0.0135737653247516,0.0101944757266853,0.0175637324807031,0.129301609438854,0.152472501207561,0.395324955537416,0.0120987545729182,0.0128832013247041,0.0101207773190135,0.0189625587482233,0.124922841614438,0.141343814795113,47.5,46.41,348,0.43,2.57401999636457,2.44288923290069,2.5746427889834,0,3
40,0.351778943929571,0.0111879043177829,0.0108943304466141,0.0102590497333415,0.0165598283019619,0.134230578083789,0.108334473124765,0.347487009332921,0.0145017220703049,0.0157051908506209,0.0101590048251179,0.0185835328227701,0.12512461202659,0.123415492173881,0.354667275858586,0.0181599286888895,0.0138420760566095,0.0119105648547205,0.022851631375166,0.139045605084133,0.127469009985218,47.5,46.43,346,0.42,2.53311612312318,2.40523345917434,2.53706827606718,0,3
41,0.286424005788832,0.0164492692371061,0.0158571763471792,0.0104545213528784,0.0172486329214989,0.119501504362029,0.121223068393136,0.279040001432294,0.0244949821508895,0.0176546151079161,0.0126410655055772,0.0172691006326421,0.131171270577912,0.112883577534937,0.288774658640349,0.012898300454026,0.015477378137898,0.0109244257870382,0.017245356954543,0.138203550487341,0.11629332548372,47.5,46.45,344,0.41,2.4934603192711,2.36906306839698,2.49679393245287,0,3
42,0.378073937584071,0.031756936968,0.0313107198725567,0.0131923113627708,0.0207785818524148,0.124557521640214,0.131798231194997,0.335484774743066,0.0339190845135497,0.0361563863078978,0.0126970340727873,0.0233840849299284,0.121624765022976,0.132062050077042,0.335640307726659,0.0325866256627097,0.0301826557955166,0.0140357321772728,0.0145996169063989,0.112653970694411,0.13485973947626,47.5,46.47,344,0.41,2.45795012791149,2.33185278658899,2.45967062370812,0,3
43,0.379337203277183,0.0194865226159278,0.0126099773166556,0.0119684396161058,0.0164419899639824,0.124418728652578,0.111669469060222,0.386767083317657,0.0281941875307011,0.0176879306486729,0.0114415658640791,0.0169978601745653,0.121154251793752,0.123406120213179,0.384335578812856,0.0167839417962431,0.0200092601814325,0.009501464672513,0.0196858381008036,0.118297788158405,0.106599670383007,47.5,46.49,339,0.39,2.41376930493196,2.29117501972126,2.41746828961326,0,3
44,0.385540660375221,0.0168907571435458,0.0173527388655675,0.017433985933165,0.0139910891649675,0.133221913221746,0.120058938194081,0.374037934505005,0.0172980746556123,0.0154415960181968,0.0107902426302815,0.0157333633133287,0.131456738663031,0.113795285255395,0.379707146315266,0.0111198270966638,0.0126421491985205,0.00868480155533114,0.018897000741248,0.13270116265357,0.110655117297459,47.5,46.51,337,0.39,2.37629558508167,2.25580994939236,2.37823237960256,0,3
45,0.345457409535386,0.0124185191238305,0.0142081770465987,0.0100582232745526,0.022208643009957,0.133874630946466,0.118321712032667,0.345725103345823,0.0184298755360033,0.0151500890807356,0.00847470020784639,0.0183481453577232,0.143827743868106,0.113281995730622,0.334002720419888,0.0170654678969461,0.00929128639459735,0.00883288539708571,0.0196363805216028,0.133691293655838,0.105938741307823,47.5,46.53,333,0.38,2.31723818792455,2.19959586749963,2.31585610644888,0,3
46,0.313915440903989,0.0282603913611763,0.0360975864550693,0.0113940618470806,0.019310429669853,0.138037815002516,0.12636303411188,0.282026210505979,0.0296436940090926,0.0326662079952538,0.0145763784100609,0.0235531199107524,0.126123614433211,0.116960879964136,0.292408584960479,0.0312197347704154,0.0369194738678332,0.0112172178294479,0.0208528067632274,0.13893680120813,0.121838013282221,47.5,46.55,330,0.36,2.27517548763121,2.15814243740091,2.27089836093748,0,3
47,0.375321835040414,0.027792172339957,0.0288198121462893,0.0121124817209269,0.0186352388716545,0.14044187245051,0.134489376871676,0.33537726367025,0.0285595807816809,0.0211991983017236,0.00986192112680015,0.0133068397920667,0.13357372848623,0.125672293057469,0.368559940463072,0.016266977446177,0.0271855458314458,0.0119818660987702,0.0176425136065421,0.133039765962835,0.120774543036936,47.5,46.57,328,0.35,2.23306231008235,2.11832324861497,2.22822316170958,0,3
48,0.369875986079154,0.0122543667644444,0.0119254431826192,0.0148551420253488,0.0210491153249139,0.120475990914013,0.0988780249684643,0.375894508669624,0.0160473400181801,0.0108521200866876,0.0101879180948804,0.0179162550798208,0.124298170827393,0.102780252158443,0.366451754823314,0.015117295145667,0.0135254699678107,0.0130952342355621,0.0168219636573736,0.130227178713235,0.111549626112211,47.5,46.59,324,0.33,2.19243995149983,2.07753743452231,2.18397456627026,0,3
49,0.339991164432378,0.012266200095308,0.0167548395372142,0.0150713153839701,0.0209881068342078,0.129965722016124,0.118383104594012,0.344536783375912,0.0192661177007732,0.0134628014763863,0.0125363289473343,0.0186904636760264,0.140040394543748,0.110099268903752,0.338307408965252,0.0172077723702922,0.015202443805777,0.00860779459317403,0.0141758205518851,0.141126769532299,0.115684857735865,47.5,46.62,318,0.32,2.12154873290373,2.0097251160816,2.11020979356157,0,3
50,0.291027319920893,0.0156076841425999,0.0116225631617465,0.0118844400847159,0.0163247353063392,0.116000160582762,0.11203063761029,0.270303020641825,0.0141049966743862,0.0186433076988873,0.00877929481086552,0.0185128247214919,0.093577124335943,0.0944302049009025,0.277896593734754,0.0127814680832057,0.0149733586735439,0.0107995328415114,0.0230697567406166,0.107486315885224,0.106378974447542,47.5,46.65,313,0.3,2.05752638910453,1.9508195887666,2.04250157157088,0,3
51,0.333282295465996,0.0667699837856199,0.0512256144735937,0.0185338336030139,0.0193464806333139,0.120043869245015,0.100786916472283,0.343443629178373,0.0701292546631368,0.0512547262033578,0.0150548831518348,0.0273918292374111,0.132970716830339,0.106325986733614,0.358877657881081,0.0610920563761635,0.0517540120884965,0.0191379623802131,0.0162108385217673,0.128289277294057,0.123781071052971,47.5,46.68,302,0.27,1.94898608544236,1.83137394186102,1.91100867380072,0,3
52,0.344910944396016,0.00794179525683755,0.0109915664023727,0.00814745159647156,0.0168725080185254,0.109465845085225,0.116901752055204,0.344040303265189,0.00805674491932664,0.0117034537937827,0.00915380363808626,0.0163432060751642,0.123738967366989,0.110618802071176,0.344680081416579,0.00963513406705238,0.0106858669725504,0.0115768239637654,0.0137091543831404,0.118709518090482,0.119302940798465,47.5,46.71,293,0.25,1.86572108124428,1.7509292785457,1.82140266235506,0,3
53,0.265121219709764,0.0116726343098653,0.00874340752870415,0.00969351261773943,0.0158938612701512,0.121552104641186,0.109509173259755,0.259293958073986,0.00720228725622764,0.0113688750837011,0.00986534601803952,0.0143712364612459,0.119896334934318,0.10911257969723,0.271867657450623,0.00915869629465478,0.0112329445216706,0.00816467690303922,0.0139982599891468,0.115732807369384,0.111335951163159,47.5,46.74,284,0.23,1.77997611173253,1.67240359892784,1.73544060808038,0,3
54,0.31019643011955,0.0365314175665749,0.0421259102674379,0.011391389553298,0.0179448619065047,0.115822573075823,0.101255748181975,0.2732272549959,0.0371299163289496,0.054263495444037,0.0129747384925726,0.014705806523038,0.11081144866544,0.0892776420015284,0.291761746370869,0.0379913090615044,0.0498383866426624,0.0105898129323744,0.0143576674277679,0.115997738757327,0.0938728299344378,47.5,46.76,278,0.21,1.71631294549705,1.61393840296727,1.67118669825697,0,3
55,0.307137850306592,0.0494298311067695,0.039325142952647,0.0101321557662055,0.0109206095103607,0.0830705590209316,0.10196603230856,0.310856714270928,0.0548183204799671,0.0443900757335676,0.0158693693548891,0.0124685542304156,0.110630001503147,0.104086499809457,0.310814921088911,0.04951828930886,0.0435070592923784,0.0122788236922387,0.0162230740884131,0.0986496398600464,0.111629228366919,47.5,46.79,256,0.2,1.64433759948596,1.54601963697783,1.59861266467508,0,3
56,0.288653755389662,0.00737874047120036,0.0132313890572257,0.0080938471578002,0.0169076038125503,0.110836786815615,0.0738396649872318,0.286105541371784,0.0115021570179251,0.0107431346362114,0.00980152128795218,0.0185719214220871,0.108231498248221,0.0978802521888528,0.284705106730482,0.0115733634490247,0.0121488142716196,0.00794133272460912,0.0149122586613211,0.111539660528163,0.0779308726198029,47.5,46.82,253,0.18,1.53524309069037,1.44782761826643,1.49029656042839,0,3
57,0.209417872453788,0.00846997126482145,0.00972830579737393,0.00754266599892027,0.0123153882108869,0.0928403830883896,0.0858089547050177,0.205477888756845,0.00978328290735576,0.0133825238589755,0.00840479516740592,0.0199872369386653,0.0924330651571194,0.0915960406758052,0.208868988223071,0.0138351532604223,0.0123556632133623,0.0123009208921442,0.0173659912928235,0.10053321475966,0.0870029289582809,47.5,46.85,235,0.16,1.41367780471263,1.33454179796798,1.3728181678084,0,3
58,0.245905533965847,0.00911684071252592,0.0136160390643383,0.00835210230565366,0.0161773860537673,0.0899841463029775,0.086115322262099,0.25283632346807,0.00987923416850379,0.012525086497931,0.00933466199123378,0.0181366395428747,0.0894591390215225,0.08798385228577,0.242275426664625,0.014040050011935,0.0108819595578617,0.00825310038153859,0.0136155768875992,0.0748943322523566,0.0869941352217989,47.5,46.88,211,0.13,1.25931946459275,1.19400037960623,1.22305345175378,0,3
59,0.397100387187286,0.00914511359624018,0.0240325643450555,0.0195722959453683,0.0209632302412501,0.131503884460823,0.129339207448059,0.394016333662417,0.0119059630935482,0.0200871046120619,0.0179830810098921,0.0206454236379423,0.106968566632271,0.135133437505099,0.392483545715187,0.014879335709555,0.0203090149818439,0.0285915716149507,0.0209877368121625,0.111342296585849,0.141096901674757,50,48.81,362,0.52,2.85550890549537,2.71873777452002,2.84954826011955,0,3
60,0.418732530074159,0.0291553767657502,0.036443353190818,0.0174928268548715,0.015217009463374,0.101570366390266,0.149404034322893,0.379595550212019,0.0420433496463346,0.035890113679849,0.0258098028704053,0.0192160612498896,0.124510361194026,0.14950341225228,0.389618175111169,0.031478016782063,0.0397274324837172,0.0245302807489898,0.020296096844164,0.121812720728032,0.146434315618741,50,48.83,361,0.49,2.81670656398863,2.67852355661397,2.81302589950074,0,3
61,0.310269171459625,0.010037565679503,0.0133536272392627,0.0202749196927751,0.0189262389163473,0.128543440025374,0.109821000910746,0.314538793954061,0.0109584649160273,0.0120007128003837,0.0187339138537388,0.0204736633284152,0.117338761523445,0.125471465815623,0.309987020973016,0.0109851576592708,0.0170717997312977,0.0255294703884516,0.019899258949951,0.0981692805104595,0.11273185027951,50,48.85,359,0.48,2.78155578485085,2.64242275340525,2.77677741961327,0,3
62,0.365303787849309,0.00816839512566556,0.015345874153644,0.0143668585994251,0.0189092403244973,0.13586533588263,0.126640182505865,0.387193088392344,0.00767736271273146,0.014299591818895,0.0276238980699203,0.0159974168581492,0.14059542255486,0.151597143315632,0.386544923670907,0.0100065144508161,0.0119226111570141,0.0198198102512151,0.0230446549701365,0.131388596428439,0.144664981185988,50,48.87,358,0.48,2.75126446303673,2.61531924555176,2.74617890582401,0,3
63,0.396480318709157,0.00781479640870833,0.0154893877808405,0.0165530178615767,0.0156976243653665,0.124676956696466,0.110114840248229,0.399815553527412,0.00635820705577086,0.0126149454946435,0.0237535897408317,0.0184780467726633,0.126305465124884,0.12728590174963,0.396252163740397,0.00864340628095387,0.00949530839335944,0.0210509539352185,0.0185478698756443,0.124520981958808,0.118279697284205,50,48.89,356,0.47,2.71775773205469,2.57903438487906,2.71397759827231,0,3
64,0.398648045077043,0.0118908574317549,0.0203706665772277,0.0288046749847238,0.0188237414351377,0.126737147649318,0.142691345837586,0.399661626818391,0.00882937417496199,0.0173146483829388,0.0288541248086076,0.0194468945050302,0.136672580041011,0.141591898195788,0.430079485292882,0.0104904713388617,0.0151773338549027,0.0238740602716068,0.0190358163285475,0.13013771208518,0.139543621569767,50,48.91,354,0.46,2.67501449305018,2.53886833468497,2.67287673231142,0,3
65,0.404234831571475,0.0119206293691534,0.0138935093601277,0.0175525612073383,0.0152785900204308,0.115163609081326,0.15383223361048,0.365468962524922,0.0112299067066608,0.0138440420082921,0.0143830613037269,0.0164144988499975,0.11909776569281,0.142739062615983,0.370751626534752,0.0108466176371113,0.0103637114898041,0.0133712113041403,0.0162343128704626,0.14112490579421,0.133101508748136,50,48.93,352,0.45,2.63161435368699,2.4957932156588,2.62733987607183,0,3
66,0.299712855199823,0.0104679018216731,0.0116925945011892,0.0154202672864158,0.0221417182173393,0.109205987442407,0.117299073472879,0.313202244080613,0.0114520647080298,0.0172813655807484,0.0138190824000535,0.0151163824732402,0.125196874559488,0.105321540404854,0.30349541321947,0.0158869442842253,0.0110575242555021,0.0148984938719085,0.01595051520369,0.113433227228398,0.125002652848923,50,48.95,350,0.44,2.5908214615773,2.45819217164186,2.58844303366333,0,3
67,0.361326287694578,0.0154018058829407,0.012660857483566,0.0194702402422253,0.0191473549469389,0.118653823202381,0.127410630965343,0.361330165057043,0.0112043611182187,0.0127141132794011,0.0182272049384546,0.0199401236711265,0.117809600514081,0.139275640003539,0.362684550431363,0.01063637372556,0.0139049664515695,0.0148229864931043,0.0354657382591397,0.133247148860267,0.162333254227266,50,48.97,347,0.42,2.54603869063526,2.41681393215947,2.54459967597896,0,3
68,0.376339288100115,0.00771371565049867,0.00961021759209465,0.0161047507636622,0.0210092655162712,0.113277887368588,0.136759252007315,0.380256599101807,0.01017893498926,0.0116138879030893,0.0178608928498297,0.0159533613287512,0.129325930704597,0.128588566161104,0.434346570587433,0.0135430188474197,0.0130311661965534,0.0156337824282616,0.0239067497180195,0.107446884512239,0.133413437139907,50,48.99,345,0.41,2.50561266121574,2.37497885303897,2.50369159269188,0,3
69,0.383326560755854,0.00866028095739481,0.0115080984822238,0.021378172473842,0.0230390519132506,0.125890261535805,0.141489555949459,0.38959704336334,0.0156898513883715,0.0128535318364896,0.023019613833658,0.0182274914554956,0.131461135852249,0.135311122174693,0.385776639293342,0.00714942205825947,0.0153772903116068,0.0126404563444989,0.0168584847765932,0.122057576341205,0.142288123551414,50,49.01,342,0.4,2.4491011062703,2.32115476017961,2.44574743597823,0,3
70,0.354804060940461,0.0121631136371505,0.0115977261293637,0.0135178369711517,0.018892454701528,0.129095347561124,0.118315814057794,0.354762502439457,0.0076039872824477,0.0108149857697265,0.0159681375560389,0.0157099361822208,0.122089247932664,0.119091616642606,0.353117914909111,0.0098932810566376,0.0111548454852129,0.017788538272902,0.0188692291557077,0.127684784166969,0.123069630376864,50,49.03,338,0.38,2.39012185121547,2.26529526775766,2.38561816163358,0,3
71,0.372182848221786,0.00979389484017125,0.0146957585206048,0.0142053916446681,0.0283627712571568,0.122805234898322,0.136391395176724,0.357603924434545,0.0118300644349642,0.0119326360506058,0.0138855814657376,0.0205681588593136,0.119716085033701,0.136113749951797,0.336087862790178,0.0101667192487439,0.0133514453944579,0.0175249607962435,0.0208575980417532,0.119263060305216,0.169107791342316,50,49.07,336,0.37,2.33141039288713,2.20805457147418,2.32519564029567,0,3
72,0.380475587112792,0.00959791199586909,0.0160223092576053,0.0136276029089639,0.0195608256018629,0.123071960663807,0.120010533465175,0.372106654096647,0.0114605374191376,0.0132515864647354,0.0119684860161323,0.0198913714613605,0.126304538974903,0.124710630803279,0.363667252359992,0.0122363455679294,0.0132575122081607,0.0125362843507527,0.0205002539753667,0.130509074645436,0.11942483029195,50,49.09,332,0.36,2.29954547747265,2.17762914915635,2.29667451278546,0,3
73,0.381698659346106,0.00800401357556152,0.00696585117939762,0.0177010478700111,0.0168009628650643,0.110943480745845,0.126401110900975,0.378508712482284,0.0115269807830181,0.0148675395236506,0.0153857209062396,0.0234027368028602,0.119603004195046,0.125129241738905,0.39394246410983,0.00709041540105812,0.0181612199740017,0.0166498133632867,0.0157207025268896,0.102955535682391,0.118414824775158,50,49.11,339,0.35,2.26419765951396,2.14732838459674,2.25916546939318,0,3
74,0.280401370042929,0.00935430617970458,0.0135686113746611,0.0132694071994973,0.0183222450705879,0.126087061674164,0.132829034888336,0.292095275127945,0.00876264384652916,0.0125184132374422,0.0136955769704625,0.0159787538232175,0.14983269097945,0.119584043881566,0.303945165968047,0.00875741891027177,0.0136536446312716,0.0161115840773143,0.0162940369374283,0.136281188339404,0.124900404182726,50,49.15,319,0.31,2.13331928566003,2.00380409202985,2.11058338100473,0,3
75,0.321717094225402,0.00872189100658218,0.00940269612545366,0.0109246018959218,0.0129736663299608,0.125178975767329,0.124945298414279,0.313222256381569,0.00741380735185406,0.0101821522384611,0.0104320948537621,0.0187096753690771,0.125117819550013,0.122904844443228,0.316177309245334,0.0123623060516839,0.0112585271106918,0.0125778466845507,0.0205849534211417,0.122633334147729,0.127979188557653,50,49.17,312,0.29,2.04568362288681,1.92403033812876,2.01663759329455,0,3
76,0.356704230167652,0.0189022972393977,0.0116801284946834,0.013627133404673,0.0163566333952421,0.130913133318718,0.10302560614549,0.348531037876335,0.00984916468741899,0.0149050938729169,0.0113661487403243,0.0185287795061804,0.122193617766598,0.108366202746338,0.336295821341598,0.0127474539445445,0.0144930120398004,0.0157120648202488,0.0217159494505455,0.126998100984813,0.105988798907262,50,49.19,308,0.28,1.99131764052168,1.87047138197717,1.95820153279298,0,3
77,0.379944859602983,0.0321485606979947,0.0344219080606024,0.0171659070110131,0.0191970378062807,0.118559810461871,0.111513269677242,0.34879765303901,0.0312147311236781,0.0271352466588812,0.0152531672436193,0.0154532428369224,0.117228653999901,0.123409863174595,0.347704045405015,0.0313029626710703,0.0268202039880187,0.014033889517267,0.0214265727323764,0.118664255864598,0.122227488223173,50,49.21,302,0.27,1.94177980257494,1.82181095069149,1.90600680144638,0,3
78,0.289456522711436,0.0060096815865534,0.0120263844987258,0.0167764807942078,0.01760644551157,0.119358595510532,0.124588731965049,0.278199124105768,0.00738383113870854,0.0116228314179877,0.0086062504163808,0.0121350674998681,0.110992659832486,0.123314084390337,0.278539372222368,0.00749863545778257,0.00990401812917776,0.00984844768753132,0.0196003773145204,0.114395061535856,0.122170233054128,50,49.24,293,0.25,1.8482335383227,1.7326255570411,1.80605267407555,0,3
79,0.293868765335022,0.00749500898214464,0.0116888792851569,0.0133530696508908,0.0171090529326649,0.112024699539219,0.111800411591032,0.329106284115256,0.00974620046742268,0.00820264071137383,0.0119282226762255,0.0120785805418879,0.119046883896358,0.117847896977288,0.297184656597705,0.00806356625219129,0.0107077258515676,0.00932375640331513,0.0126184526923671,0.124149328189532,0.11370210187407,50,49.27,280,0.22,1.73891263665782,1.6321244878946,1.69428706328261,0,3
80,0.310789173644187,0.0313905600171871,0.0319573871717612,0.0145428671165814,0.0217955443989734,0.111057898707449,0.113919092946016,0.343114541012094,0.0330623712485784,0.0310650801020261,0.0152930945409166,0.0212476504229007,0.11779050917244,0.124951770780267,0.314204080134767,0.0309849185259848,0.0359436606548208,0.0188443543386632,0.0193126887558723,0.11243375864856,0.112996333580219,50,49.3,271,0.21,1.66670941086913,1.56623691746863,1.62130131117301,0,3
81,0.2660663188719,0.00924797951614164,0.010278636533413,0.011751277914428,0.0148890333680562,0.103953674856831,0.105381569188484,0.291363809072993,0.0100103741777336,0.018927950823643,0.0112931717944356,0.0171579719725673,0.10273464674323,0.113047375738861,0.263696381972428,0.00895477133308628,0.0136124158706626,0.0122898902829531,0.0124968965431249,0.10364532452394,0.105135811101244,50,49.33,259,0.18,1.55805674696786,1.46835718648075,1.51605758816626,0,3
82,0.251076847937263,0.0139866148465428,0.0112476289319462,0.00840298700848397,0.0105941293081405,0.0923940589189315,0.077920387467741,0.229294306783592,0.010028642209915,0.0101894997415825,0.00832987470766389,0.0144519792011302,0.094286271313288,0.0814869400222741,0.234869405934001,0.00937467162326871,0.0122112841631326,0.0116781165583967,0.0103539186827193,0.0966014923181772,0.0848253039085388,50,49.36,241,0.16,1.44404391384908,1.36354490007228,1.40374521723353,0,3
83,0.285081443271176,0.00621749777700046,0.00741332520145198,0.0111270643899269,0.0191643648820225,0.0725766660826032,0.0880902439863006,0.267107471443433,0.00573813622645715,0.00765381792197889,0.0111962304130361,0.0264468047761169,0.0861841215558874,0.0911698440729033,0.256013690579328,0.00647845229463921,0.00911621213870744,0.0145820425258762,0.0127284123874507,0.083761645065415,0.0949650971373114,50,49.39,224,0.14,1.33221007994295,1.26025129249867,1.29498942932783,0,3
84,0.393264607060812,0.0101532498464726,0.0158248752018589,0.00977450127623528,0.0194632063579933,0.136992948148581,0.142205594315873,0.397282893627705,0.0103822258487874,0.0130102064207656,0.00974619613300302,0.0245245649830266,0.138450577776757,0.150712228154738,0.395662828834898,0.0120424209644203,0.0108305599583353,0.00930916300718846,0.014854866858076,0.13501800869927,0.140493753518682,52.5,51.3,365,0.5,2.89284747569835,2.74391288308382,2.88405737647885,0,3
85,0.376480685660401,0.0477986038221565,0.0155680286115539,0.0339451126638597,0.0257515101329429,0.135856711585104,0.13990478421415,0.387881848127248,0.0457399340041951,0.0116250240707962,0.0383910662690107,0.0376428978631124,0.137456378041315,0.119483675590982,0.378820973384207,0.0450801272265589,0.0119867820402831,0.0416070694464642,0.0306844197852172,0.13727204272245,0.121238006460133,52.5,51.32,364,0.49,2.87036751383703,2.72677982783157,2.86367703024007,0,3
86,0.350453440764577,0.0137618308523995,0.0123548046569485,0.0138056809748154,0.0139297562032708,0.136229688321877,0.156946408919781,0.341105394492134,0.0134047342916894,0.0135675290747211,0.0202177246890785,0.0151485988625529,0.138491115165913,0.152778623390293,0.344607583487056,0.0106917572215767,0.013768099771723,0.0238487290722944,0.0211953987106334,0.13216004285729,0.150745448465579,52.5,51.34,362,0.48,2.83314141686826,2.68937774868323,2.82646714519611,0,3
87,0.329140583463178,0.0101351743840392,0.0184695717902333,0.0105945652263718,0.0175917981911973,0.135742122784081,0.138522561875074,0.321363202675781,0.0151436795394462,0.0142210056062367,0.0101687161650832,0.0166465170371016,0.137062287388221,0.151988157315571,0.33268153585411,0.00790857220653938,0.0147825858254723,0.00857549102513024,0.0210562845370583,0.140305308229135,0.141039769493397,52.5,51.36,360,0.49,2.79295274859482,2.65146287397084,2.78823176133128,0,3
88,0.371371236172605,0.01184118818142,0.0141992988877023,0.00821920197875733,0.015172367138918,0.135116768007249,0.109388906739278,0.372362504054292,0.0182916604642064,0.013544542470953,0.0148475091927877,0.0268326222483149,0.149531422527695,0.102650052143945,0.365253833874757,0.00986662262747411,0.0181228489377891,0.0108199957964105,0.0244874123379901,0.131034797966783,0.114187508050567,52.5,51.38,359,0.48,2.75470850006708,2.61437087267207,2.75194714349157,0,3
89,0.38560408503656,0.00861277103616445,0.0129920811611476,0.0091529838656742,0.0260955953733945,0.125397717009044,0.132729080413791,0.381848643490602,0.00768594275529352,0.0167672082050727,0.00773660348257773,0.0256675342020065,0.131903279259393,0.136370812315437,0.384875424994143,0.00906895178709368,0.0133523512193459,0.0115497565298009,0.0170308112597373,0.1359340407138,0.136969553852295,52.5,51.4,356,0.47,2.70312724330244,2.5644590917694,2.70245284272353,0,3
90,0.370472269276312,0.0146853762206847,0.0237332902233553,0.00784206570287009,0.0204065819729289,0.130200047974014,0.150307048160593,0.385794092438132,0.00929771189036289,0.0192095277119397,0.00876716712403423,0.0253346477981763,0.132649938905706,0.12453415207773,0.372996215561551,0.00954514111846129,0.0177077458348281,0.0102189603612006,0.0282866558810193,0.131384074786769,0.121780775805983,52.5,51.42,354,0.45,2.6633370641756,2.52400443682357,2.66052010483996,0,3
91,0.33844056936558,0.0131461021729983,0.0243782572201217,0.00973283960816703,0.0178406859026008,0.139771378176908,0.168696255617543,0.318264785035219,0.0177843579440392,0.0192669148260607,0.00860157529480956,0.0178055075430758,0.127744357940227,0.152489011487995,0.333508868994401,0.0125960421067736,0.0162623525438564,0.011351506359769,0.016237552470387,0.134147268463932,0.146705669942629,52.5,51.44,352,0.43,2.60528106624185,2.45692186145711,2.59907548016321,0,3
92,0.338101301331181,0.0165807239566121,0.0226202360303534,0.0165765842370389,0.0181531335984886,0.15320718516874,0.120143327147969,0.335512929310432,0.015068698809129,0.0262821927229612,0.011360624146983,0.0135430758300091,0.138319463809362,0.128468461423547,0.335838811150908,0.015251657191608,0.0198251075996859,0.0128351801257904,0.0171308571081885,0.131466726167097,0.133536328870984,52.5,51.46,349,0.42,2.58258387303857,2.44294425734456,2.58134849000098,0,3
93,0.379507539026963,0.0777656371868953,0.0321510134502446,0.0176427771281609,0.0135282041144558,0.155791102356265,0.113429189784121,0.367049115225519,0.0726849996239602,0.0307427971006587,0.0171259003407445,0.0176894335939633,0.136322853736712,0.131481984146689,0.37866323784553,0.0668700662758502,0.0271665353170522,0.0216521221610478,0.016091501599228,0.135686081051595,0.138570804322017,52.5,51.48,347,0.41,2.54097019612405,2.41080885078044,2.5483640185898,0,3
94,0.373428729883279,0.0650541384735648,0.0541989362335093,0.018323216970151,0.0220172064980846,0.133726137933494,0.147608794632443,0.373132030961094,0.0402129947673682,0.0502778968024,0.0230704141666998,0.0251246055212775,0.133468019613382,0.147795793098445,0.381277069867677,0.0520737470453507,0.0490114561702768,0.0207407357037281,0.0270091137630924,0.136223385832459,0.135053264185244,52.5,51.5,345,0.4,2.49506691713062,2.36101814834402,2.50045970358387,0,3
95,0.370393621264457,0.0603445520831909,0.0490609933307209,0.0164382471138913,0.0204645040787751,0.137618417932725,0.130487567533744,0.361321090507799,0.0744551934970481,0.0566725646418021,0.0131756768474285,0.0248458251101079,0.133775299079638,0.131952363225085,0.368332598566642,0.067689355828124,0.0499755149112305,0.0101030737346101,0.0163094056711534,0.136412042641284,0.13928656241275,52.5,51.52,343,0.39,2.45300311559256,2.32225208183323,2.45500447297916,0,3
96,0.3016773081422,0.0103709127436865,0.00973581515610591,0.0106397013441098,0.0181981563343037,0.123548945403284,0.145524216535201,0.315385788553739,0.0101447596015497,0.0102590616160546,0.00770195978682265,0.0155768426748217,0.139781939732248,0.145788232728839,0.307967435476355,0.00975909584644367,0.0153370722626338,0.00682551458885955,0.0199666107061162,0.123567608027114,0.140769132259448,52.5,51.54,339,0.39,2.39541488141186,2.26912164772431,2.39568466465017,0,3
97,0.339896491968418,0.0104377310417214,0.0133424210478702,0.00826308192934785,0.0162513451310233,0.134682499685086,0.0955109754796544,0.309784878743845,0.00869728531854499,0.0139852178528205,0.00807153817773836,0.0148175281723028,0.130557570907345,0.123434518843773,0.318295160913547,0.00876945182381437,0.0146991122942921,0.00913551056425484,0.0170323594287771,0.136098151069013,0.118764430222698,52.5,51.56,336,0.39,2.35294990560532,2.22842598329837,2.34833387612616,0,3
98,0.357892719420577,0.0477482403383421,0.0620136319589217,0.0184578189193193,0.0202021175590373,0.130856480402032,0.132540156684693,0.337076733487522,0.0460891726398885,0.059836479284658,0.0105652764293987,0.0159885419942916,0.137985126493573,0.140950741927843,0.387226428318788,0.0510269556502216,0.0636191855864617,0.0200025215246282,0.0156744929530135,0.14809834484864,0.127734957903161,52.5,51.58,333,0.36,2.28519460937495,2.16118716468519,2.27426613063283,0,3
99,0.363589634106085,0.0579986702265006,0.0547192013331844,0.0157587231338477,0.0199439732026718,0.12881142350858,0.148134639609687,0.3864965522014,0.0713578612132805,0.0628418386570267,0.0170032406906304,0.0217337956470923,0.13833407796132,0.149552788787182,0.360979258011261,0.0677289771851465,0.0730123645779148,0.0138931115567796,0.0171641716280316,0.132603164653452,0.134831830147023,52.5,51.6,331,0.34,2.25505928816595,2.13840480141905,2.24921671005697,0,3
100,0.350247937161896,0.0281074737783173,0.0235797743117923,0.00992861977565449,0.0150570329999279,0.127824793749001,0.11239621021145,0.351572594439345,0.0258024143643039,0.0129408623630574,0.00900790576706327,0.013831105478366,0.131645211928549,0.106322214238257,0.348070334412467,0.027955156486726,0.0219685245218928,0.0108697345485453,0.0179906834338354,0.12651348448946,0.108357570127439,52.5,51.62,326,0.33,2.20928340662946,2.09526797524648,2.20075626231759,0,3
101,0.32874329889946,0.0161187065230273,0.0157859104249614,0.012555677982509,0.0179759691439339,0.134228872343121,0.140711100598417,0.330911454183103,0.016714663049657,0.012791121057118,0.0199243256673687,0.0150879956595687,0.142603476725548,0.134642476547628,0.302372862447199,0.0175430381198479,0.0187240062582486,0.014434764601109,0.0144658425937116,0.131814226115605,0.130763426926575,52.5,51.64,323,0.32,2.15899494214859,2.04438785721475,2.14987444417316,0,3
102,0.304142668491255,0.00956903437211773,0.0124674015874616,0.00755241802136546,0.0130538068055567,0.134314008985103,0.143365351388578,0.326733228197908,0.0129719831189655,0.0201118003260266,0.0086511351446087,0.0172826233695381,0.157584776597635,0.128903149102746,0.313422654107817,0.0102679396738419,0.0176635582441289,0.00918741383705706,0.0132473150896442,0.131842106357693,0.136657699866174,52.5,51.66,319,0.31,2.11301082219952,1.9976773170078,2.09816679435418,0,3
103,0.326481946358648,0.0111972893668728,0.0134602357290496,0.010829761973208,0.0110502610717144,0.123893147722369,0.139923359577904,0.321431232682859,0.0125078729206259,0.0162044254648836,0.00764378509370856,0.0153414591699644,0.127216538600422,0.134934590862772,0.320307835467265,0.0100892390036705,0.0150021520866677,0.00790333840452228,0.0137896798972171,0.12228002851173,0.133983078369991,52.5,51.68,306,0.28,2.05526967917608,1.92775598185703,2.0294207883273,0,3
104,0.331411551279193,0.00782272293890977,0.0114861740324191,0.00744299742577955,0.0144549396888906,0.115363195660964,0.119824229633157,0.336536736313955,0.0145815085110938,0.0116062959989515,0.00903477052480014,0.0136738184638234,0.124868983249397,0.120325642629344,0.327277900763709,0.0129280685930413,0.0117456705896777,0.00674297171984887,0.0139281712866093,0.120162097915813,0.125336754552809,52.5,51.7,300,0.26,1.93375390010218,1.79330675374086,1.88071276265403,0,3
105,0.299936645870028,0.0120898024081734,0.0173825445365354,0.0123750264593725,0.0145823994477281,0.0998970412735877,0.130985512634818,0.296901086361157,0.00792384618087803,0.0129126001753055,0.013222230788256,0.0116394426566782,0.104235721685578,0.123327394229778,0.299665801790574,0.0133535745572175,0.0145281914427773,0.0149849136450402,0.0121773529886516,0.105836323642641,0.131048531456559,52.5,51.73,292,0.25,1.86125811349613,1.72602420330018,1.80775740267242,0,3
106,0.254147524979576,0.0355989601718057,0.0362272677016907,0.0105228976309042,0.011715583872466,0.120340655633601,0.112825548645794,0.250491423544129,0.033565645049392,0.0387354099576393,0.0164971440186582,0.0168335339516507,0.119436492381704,0.117436236400335,0.256557447280929,0.0332065163562042,0.0366917346008242,0.0094720772868107,0.0129706491073439,0.116502651642621,0.11349179547464,52.5,51.76,282,0.23,1.76193097273127,1.63385073749998,1.70527918249102,0,3
107,0.291800373345659,0.00737358083176859,0.0150532687169236,0.00660649624432727,0.0117838330094644,0.107797547990108,0.0940789121424951,0.28709525110446,0.00973264133470612,0.012914964730062,0.00702461604546831,0.0135862087591359,0.104030629428651,0.0961987665655708,0.293116118662094,0.0103342250579478,0.012527753610306,0.00823735062769707,0.0118451780560939,0.104968217169245,0.0922813873234192,52.5,51.79,270,0.23,1.66130912798584,1.54504737719183,1.60633010905569,0,3
108,0.290854895400808,0.00719399150843623,0.0146974042723865,0.00859765401279499,0.013374867047041,0.111443288624748,0.108391834732884,0.283307529327993,0.00879759306011075,0.0131243838095036,0.00854082239759064,0.0155836851171541,0.101685098243013,0.105727573401805,0.299879585805466,0.0089234600442423,0.015540383495689,0.00609261062421496,0.0131760979598669,0.110555387566995,0.106820285597222,52.5,51.83,256,0.18,1.55482883626949,1.4493677785885,1.50169273556388,0,3
109,0.208326883472899,0.0308317863052218,0.027562775511239,0.00917113327294686,0.0096246046919101,0.0826614396473143,0.0834062432095038,0.207596729675008,0.0344525650144451,0.0269069352121862,0.00848195065342027,0.0124801237483421,0.0936327034533133,0.0857561606799339,0.217280263290286,0.0308328503835139,0.0254166965931941,0.00997663102214084,0.0110444445766024,0.0875311276915022,0.0866113451175631,52.5,51.85,243,0.16,1.45803043325849,1.36116368085475,1.40572209990072,0,3
110,0.226366672557824,0.00627671299427929,0.0136957144424026,0.00560374455443547,0.0116279877105264,0.0922136115462127,0.0846946852288574,0.226112624453102,0.00630849054634268,0.0109287425445983,0.00651119946883606,0.0153476337253526,0.0895416846337202,0.0830592330874114,0.228530028389172,0.00541500282504669,0.00975584339871612,0.00572679232326776,0.0136650631245235,0.0926590621560608,0.078781519253392,52.5,51.88,220,0.13,1.31354171810064,1.2290997901577,1.26905051209895,0,3
111,0.325003570799769,0.00893916383494672,0.00788850253179995,0.0079490602360889,0.0639425933736473,0.13815859279726,0.128274943336408,0.344256019123966,0.00949681608856413,0.0145516793889347,0.0141132823111513,0.0672431219425388,0.139690385296545,0.102448795563579,0.335663662945234,0.0134469175091617,0.0108031203383685,0.00779972961264164,0.052884632653327,0.13908090126029,0.120652172180514,55,54.32,368,0.5,2.95341821489673,2.81386823560744,2.96831365286216,0,3
112,0.283311751439596,0.00830384910139309,0.0154356576644517,0.0085146994029504,0.0188761800525118,0.140022797128705,0.139435047143136,0.286672143506744,0.0112034560989923,0.0120045750912452,0.00985696953061094,0.0215746288728751,0.146689340212334,0.135100613634281,0.295079259713029,0.0126691535049985,0.0110949129228314,0.00786947535419175,0.030569044158989,0.133825470369071,0.145345804408011,55,54.34,367,0.5,2.91744272153001,2.77855574004839,2.9344831281425,0,3
113,0.287104854444658,0.0124160279307146,0.0126742356222272,0.00736485588986394,0.0245569678715965,0.137293207180751,0.132375067531717,0.292014954217153,0.0113914993179865,0.0119453144041977,0.00952755918028849,0.0316194003152397,0.133704441906226,0.140061958017729,0.287292315101672,0.00926554719960136,0.00832611455122086,0.00715752086022047,0.0266143953919354,0.13630737396895,0.132091848820137,55,54.36,366,0.49,2.88559385044133,2.74872537565787,2.89967603507421,0,3
114,0.34913454899729,0.00962081524466566,0.0145807278439715,0.00884604222518346,0.0598063224986369,0.154639793118844,0.120138795440229,0.332857824395591,0.0128601766200106,0.00671288305386267,0.00863853309452897,0.0685057404794124,0.162809139131882,0.123194440274234,0.370886299978424,0.010716624354378,0.0119967611676049,0.00732760256868709,0.0711199891127418,0.127188587121735,0.117326716983123,55,54.38,364,0.49,2.84585044763879,2.71012658982141,2.86290321552975,0,3
115,0.378117956288604,0.00959067632472062,0.0186322672822785,0.0107904405181482,0.0785968584061938,0.140111850577961,0.150978023778008,0.338306753638006,0.0117701871357089,0.0110394210885463,0.010648315788216,0.0907838313051769,0.155450300407219,0.167674140829356,0.340714421870915,0.0114483697449961,0.0117926649629246,0.00645962364745161,0.0788731422389396,0.133880344249607,0.151133854886671,55,54.4,362,0.47,2.81046335374073,2.67293155826342,2.82376516204059,0,3
116,0.298822650429642,0.00976459132722434,0.0106262708280377,0.00758706746282745,0.0253496658757336,0.104936091798187,0.122935749944775,0.304675173434609,0.00999893270879524,0.00935995491766517,0.00774854135033881,0.0298281160162682,0.0967167857248716,0.138895323247958,0.30607318711883,0.0129757418290647,0.00983133081520162,0.00874068700309176,0.0260274756282477,0.102149336688479,0.137544765028745,55,54.43,359,0.46,2.74258332680862,2.60737733660034,2.75850068780922,0,3
117,0.254041379163698,0.00841955320801892,0.0151662796127148,0.0119989555628461,0.0324817479957204,0.108316740350289,0.112337603491826,0.263612417060565,0.00959477599514245,0.0150472489795575,0.0120600091905634,0.0277377354328281,0.0975113444559668,0.111738198530335,0.265836127339423,0.0114742847580925,0.0137960603996397,0.0129933821084671,0.0191405964451195,0.101300690381244,0.113972525280514,55,54.45,357,0.46,2.70414240859386,2.5685055856315,2.72178676059707,0,3
118,0.297338981514371,0.00782511412590531,0.0126816796258157,0.00538457553094638,0.0176387213663536,0.118818590596256,0.129632642230865,0.29786321217717,0.00893862386353036,0.0140896389984805,0.00729262377258109,0.0269167536978781,0.114863084730779,0.136853959641276,0.302720742703977,0.00891966405586114,0.00936798212140578,0.0101538497827656,0.0289970186034358,0.114562518538876,0.133241644930748,55,54.47,355,0.46,2.67975670416694,2.54651634824254,2.69721621283023,0,3
119,0.320780927316344,0.0148924897130558,0.00881972772868805,0.0080632640176971,0.0180371638027614,0.119779062308077,0.120252825816973,0.323708885798148,0.00981452712571159,0.0143627323955385,0.00928546620045558,0.0196153752351816,0.121962696348402,0.125008155826806,0.314922377895725,0.0168153137755334,0.0115987292529549,0.0079432610270249,0.0340414897182672,0.134657122220478,0.0994854128466175,55,54.49,352,0.45,2.61490979538313,2.4831509634937,2.62881376580478,0,3
120,0.323081701253194,0.0202268449688272,0.00836596000442199,0.0178381107278155,0.0185089699938436,0.129604409308619,0.131899459309296,0.324275672554192,0.0271635882776254,0.00978369967417725,0.0106190155429527,0.0211270008484717,0.110213186335783,0.134570759884758,0.327012095321182,0.0303541845570728,0.0118047351569819,0.0129176357745981,0.0225973201114725,0.118840920398095,0.133834869342314,55,54.51,350,0.41,2.56792171619652,2.43591551176116,2.58124304446871,0,3
121,0.300428214076597,0.00839718917768697,0.0163764847802397,0.0111651887667148,0.029401981022495,0.111027870832394,0.134482156703223,0.296979308360392,0.00811082060845973,0.021069167317779,0.00796192914027064,0.0199294994169371,0.104816500076451,0.109282843855661,0.293810580650404,0.00829918676021859,0.0108294082210231,0.0112756918209556,0.0224021975290847,0.114844267041071,0.11819398420132,55,54.53,347,0.4,2.52654654522196,2.39270462635219,2.53661464618449,0,3
122,0.258534644656958,0.00743662845858533,0.0108066817834838,0.00660234815271975,0.020056322661285,0.102931483167769,0.1147978812451,0.249032691266261,0.0107297579148218,0.00995225989498266,0.00776934375042297,0.0232123319887379,0.103710752296036,0.118980346308071,0.260772679995555,0.00858116680043453,0.00931072203695728,0.0100194764582066,0.016357254989904,0.137074231269718,0.0982487660705403,55,54.55,341,0.37,2.43395842557396,2.28234578423042,2.42065816659538,0,3
123,0.295631246722244,0.00604204305176688,0.0126820662827204,0.00657899371984535,0.0278584936688432,0.111316495488281,0.132223364375623,0.285093896121334,0.00530206504752266,0.00709482659659643,0.00767728414701481,0.0185140226615031,0.0977329343132543,0.124297040713116,0.28731612804808,0.00674366723864962,0.0140970210816835,0.00963283155781395,0.026423621882347,0.108618382596047,0.138501080646378,55,54.57,338,0.36,2.38235847523232,2.23539115936567,2.37425037469668,0,3
124,0.296527411427127,0.0175747272311167,0.0282071250484476,0.0132025376846611,0.0210219193656425,0.103989820552357,0.124329933214761,0.307252803137798,0.0152639104092938,0.0276196134646137,0.0147735380410172,0.0182556310179726,0.0970037509444321,0.109033327760338,0.307183060287594,0.0186258250017098,0.025340150696522,0.0106179764240911,0.0182861766010534,0.101006969417422,0.120842161630451,55,54.59,335,0.34,2.33345060241941,2.18740073937396,2.32142306058173,0,3
125,0.29569656104995,0.00976378324178251,0.0139529379097212,0.0072039501353543,0.0199740868178606,0.121447114867255,0.0977560924209019,0.310905065593646,0.00703197174905352,0.0165390664078882,0.00854828336191307,0.0210759010697765,0.130327590194643,0.0875436661045278,0.294967635613627,0.00991852525852051,0.0146399534416432,0.00892409841371501,0.0178794282609687,0.124948813184871,0.0939145314012943,55,54.62,329,0.33,2.25718894833362,2.1202184304297,2.24369260958165,0,3
126,0.229627722954873,0.00691231353540795,0.0148219780252671,0.0108118080689801,0.0171837642476882,0.122581791093629,0.116227759538894,0.233579266672778,0.00632880255834087,0.0106992406575612,0.00960657718102281,0.0233278114262744,0.103822623888887,0.117230356566313,0.233195114718746,0.0105674383252878,0.0130217197995064,0.0093994571872799,0.0168882907280777,0.110557396229453,0.121697198580257,55,54.65,321,0.31,2.20745093354682,2.08410065589198,2.19940605997762,0,3
127,0.269815663998236,0.0469004777316426,0.0092184833868598,0.0287754605935066,0.0242407511307574,0.117386807118449,0.0936798344401036,0.274668513136756,0.0362578855518455,0.0157281971559073,0.0266857518600874,0.0206471619255352,0.1245853600079,0.0974133595859355,0.274110560148306,0.0394898817912467,0.0139883704641999,0.0232163477419494,0.0189797039887481,0.125960904429743,0.0911616591129741,55,54.68,318,0.29,2.09435043924256,1.961426708291,2.06755905175883,0,3
128,0.28711392899762,0.00888438616161237,0.00937280157820095,0.00853300201945997,0.0301479672710122,0.0934193350634653,0.104150363423485,0.309798845036425,0.0111773066235461,0.0121542606300638,0.00742559882833404,0.0176887677507461,0.0945654111269804,0.120874184356947,0.290459270661883,0.00868990278892594,0.0182525375701714,0.0090663420139128,0.0167668183883311,0.096570147001501,0.109042472231065,55,54.71,309,0.27,2.00500344158078,1.87387699813649,1.97130165839089,0,3
129,0.23658302012097,0.00732587279050169,0.0211421023565908,0.00910350188245661,0.0214195528058756,0.114317028451916,0.113664337299811,0.238018466050347,0.00981269239814418,0.0147808810816271,0.00859844724616783,0.0205995041672105,0.113577622958484,0.123995749301775,0.228438974609039,0.00842388509270631,0.0177223429905264,0.00762562872135306,0.015078709370211,0.107210897872185,0.115597977215432,55,54.74,301,0.26,1.91673718170784,1.79107291482218,1.87722674842386,0,3
130,0.248023045159386,0.0093367266596601,0.0142706389816098,0.0102951181305359,0.028202853561669,0.0985298396142766,0.105800508700423,0.236139929840086,0.00642325941965965,0.0127544510506077,0.0104906553156191,0.0203113792628027,0.102994849776374,0.104884226389984,0.228656707921496,0.00544222175881141,0.0117277761100594,0.01172579005142,0.011636752468453,0.0971250840420568,0.0936985648373778,55,54.77,280,0.23,1.74201104017028,1.61281553379135,1.68340520708446,0,3
131,0.250668819066515,0.00645514660183391,0.0137618564894543,0.00948810979822665,0.0166239047810637,0.104446794682949,0.107645391731672,0.251590643298847,0.0102492746243197,0.0124640663622683,0.00909308189848163,0.0218929546080361,0.10729582654683,0.111468345919972,0.251121213941024,0.00491896222983347,0.0157063679821601,0.00960960161346487,0.0174998554083472,0.100644333115485,0.101240139592423,55,54.8,269,0.22,1.65726679618978,1.53854521729847,1.6001989154801,0,3
132,0.183616784139294,0.00759927400112171,0.00926484699612259,0.00966092662235305,0.0187187705745976,0.0893064634089846,0.0619904032212535,0.190614314864034,0.00484836703106584,0.0103477188698248,0.0098142147725691,0.0194954314670542,0.100660137113634,0.0826969629103672,0.198135227565536,0.00661934324919214,0.00857974466043164,0.00796425023873209,0.0166966607868135,0.0870674600156791,0.0633972117560052,55,54.86,238,0.16,1.42120755682252,1.32553594322756,1.37000581858005,0,3
133,0.199361431000924,0.0126805010663105,0.0428402817658005,0.0423018224958998,0.0175358975332017,0.0746577540245479,0.0754196372675851,0.200725318933288,0.014710126986251,0.0382873396610601,0.0373277878890483,0.0172047441205307,0.079269769224245,0.0705642010047373,0.201459698533931,0.0165578439923952,0.0377978993695338,0.0378096572818648,0.0125039213816635,0.0780845181281572,0.0722755853502761,55,54.89,218,0.12,1.27359736215997,1.18955897594776,1.22564174080385,0,3
134,0.274508555314646,0.00859122120393145,0.0181632499543407,0.0114971344939808,0.0242250317926569,0.139790397072734,0.110583348948482,0.269874695686687,0.0110524383347117,0.0256213885846034,0.0143959779100493,0.0199003290699613,0.132127134788494,0.13328768645448,0.270938060494012,0.0082513288179256,0.0228664606213574,0.0134995193834303,0.025723367552047,0.138096526459101,0.106225498068941,57.5,56.26,373,0.51,3.05752691611506,2.91019212001208,3.07794426570687,0,3
135,0.299872841024941,0.00780380334492902,0.0149385444551175,0.0158836381695901,0.0183094604332018,0.141847841301409,0.120496376107019,0.304155461618887,0.0103057550969374,0.0177069558927738,0.0150560638171293,0.0171937327186996,0.141183051371652,0.121158362439144,0.304961390619592,0.0095821756947054,0.0168572528040565,0.014342710963471,0.0195378373500803,0.14163006318731,0.121107334847205,57.5,56.28,371,0.51,3.02412631855873,2.8790411800371,3.04535297134199,0,3
136,0.316776719783982,0.00985982747499062,0.0285694317159143,0.0172974993241765,0.0218438389736796,0.141379424392792,0.148783070958761,0.31909899893737,0.0126240799221315,0.0231448044176834,0.0128101833529404,0.0278064443961167,0.147221652378457,0.141620395089098,0.317767645134152,0.0141035765818884,0.0220126139827535,0.0160124335274389,0.0186836795094885,0.13660816522891,0.142142538852099,57.5,56.3,370,0.5,2.99140279253103,2.84509281182036,3.01227209029035,0,3
137,0.310544141465975,0.0140053651472909,0.0202251153183154,0.01058269206524,0.0169044873139906,0.143068677627494,0.120220119454938,0.329587528619902,0.00958577202932077,0.0179511222851733,0.0136318615289708,0.0173291894857928,0.142353615568056,0.118757688678835,0.303767558810623,0.00942584449159397,0.0168776448644581,0.0121589941756507,0.0257901382216319,0.142951605204713,0.105145050250033,57.5,56.32,368,0.49,2.95453733548857,2.81154590893707,2.97798633558602,0,3
138,0.246206645682885,0.0107905730797317,0.0208158990811794,0.00783390651924119,0.0227782504240528,0.118657838858305,0.132729330331059,0.273259670388969,0.0121555459007979,0.0165148761897992,0.0102471463859792,0.0183766907801843,0.128971454113275,0.135814307300166,0.264479269417155,0.0132070693532174,0.0221838089527402,0.0107072283646382,0.0244967504030577,0.133845667931472,0.13161988932743,57.5,56.34,366,0.48,2.91375039287244,2.770962857615,2.93543361255305,0,3
139,0.258551124453516,0.00858827558994989,0.0153726266115752,0.0137733301470798,0.0265750556310499,0.134559763935943,0.114812672285071,0.269208427195261,0.0106536606933872,0.0199669190318067,0.0149810857113572,0.029246857952792,0.13026296500196,0.100088714564961,0.267494966111371,0.00937621993086843,0.0142301797105411,0.0116775024151125,0.0268927346728755,0.132013676756165,0.0931017207762885,57.5,56.36,365,0.48,2.85993533316296,2.73760808310754,2.88535133564961,0,3
140,0.295691158583354,0.0127103869386734,0.0191897779307939,0.0183207210406931,0.023085227667507,0.135362516834775,0.135561650914804,0.316135432526002,0.0125668844397738,0.0131825735345141,0.013216094997606,0.0223968930530261,0.156109565213161,0.153158397955168,0.317516078516719,0.00928632519346845,0.0191923561441738,0.0212050571200892,0.0183620954477112,0.139061931173494,0.149067827232896,57.5,56.38,363,0.47,2.82408164073228,2.70236223776826,2.85047002357086,0,3
141,0.313251789534071,0.0144047578903625,0.0171738766439266,0.0100432210026921,0.0202569563732214,0.137361257393012,0.138244822631995,0.305823496872583,0.0101267912274072,0.0145719787322036,0.0117831242234365,0.0293029458338561,0.125976548262862,0.124634958347008,0.303006057709597,0.00971885717754436,0.0116171618723801,0.0114813888694203,0.0253050343412431,0.12950734734504,0.136071222577679,57.5,56.4,361,0.47,2.78766442318648,2.66420656093988,2.80959688416629,0,3
142,0.302006094724265,0.0132416736020744,0.012461458890877,0.0115135108266685,0.0202002161526113,0.132798723486313,0.0974419324184553,0.318627091315491,0.0088416368515781,0.0105718536254104,0.0108819968665121,0.0179113183378148,0.145873817064948,0.106665654921389,0.300063799725527,0.00840043693376055,0.0144039374197186,0.00773546633923079,0.0236663149809992,0.136579227474149,0.0996783034108846,57.5,56.42,359,0.47,2.7471692607145,2.62312161966585,2.77077307067612,0,3
143,0.270062698471347,0.0435229723393019,0.0142072592475777,0.0408092690556603,0.0155275378961257,0.14456647463976,0.125744071002977,0.226066922429212,0.0402295985076621,0.0128702263827813,0.0335253514899971,0.0196444146311052,0.126965491661124,0.124941876259426,0.245876071211701,0.0440936882859529,0.0145585149510293,0.0425214080590025,0.019096761308019,0.113512348902984,0.134176301668485,57.5,56.45,356,0.42,2.67932472840154,2.55672270755002,2.70528925820755,0,3
144,0.312758850738694,0.00805754613496115,0.010979317954608,0.00948011102781564,0.0185901928322258,0.0975537765165456,0.139345642050814,0.293244721765751,0.00850048695791298,0.00716308318851868,0.0100006674112417,0.0259544170897783,0.10348740136455,0.120127108073097,0.299437131052448,0.0122510327419891,0.0104321841932767,0.00833834550958675,0.0224620524731684,0.101493781058648,0.127142026654287,57.5,56.51,346,0.38,2.50479029791024,2.37018548211703,2.50618112818497,0,3
145,0.240999066388722,0.0424821025581899,0.0143856906250488,0.0347542683664272,0.01954354590373,0.13014647798306,0.133750042805553,0.245534744168437,0.02270748498918,0.0122712584333983,0.0377242975074885,0.026791160515473,0.137031382350738,0.123702248877,0.239368219244769,0.0258329913717198,0.0138441538806705,0.0276931588656637,0.0267954281810841,0.137898250501574,0.134376599702462,57.5,56.54,342,0.38,2.43953012881849,2.30779856481424,2.43487764730943,0,3
146,0.256165074721632,0.00782943908399279,0.0237845796014777,0.00768834983432051,0.0240003372372508,0.131006655858431,0.134898727296973,0.277117981492439,0.00814431317610155,0.0260139237111921,0.00802764924850649,0.0232592568019519,0.116517205955994,0.120659315599126,0.258212605249637,0.00645722017840908,0.0210044694129177,0.0126239500196433,0.0182246739207782,0.119874739602439,0.12454985891558,57.5,56.57,338,0.35,2.36727989854373,2.23675437371274,2.35777809977767,0,3
147,0.294001635649621,0.00782411212887557,0.0107412906659055,0.00662879133292527,0.0284329361494971,0.134979101371787,0.132977186961189,0.281727779446513,0.00583438865382328,0.0138875212547151,0.00917576470948063,0.0264781528196954,0.139811945857775,0.128021481414984,0.283425243803242,0.00874296235116015,0.00999700729372289,0.00669598322087177,0.0255318307276073,0.140352939520524,0.14979895850426,57.5,56.6,333,0.34,2.31312789542479,2.18627616559652,2.29983831087548,0,3
148,0.263646823091195,0.00839130793928277,0.00903001168237906,0.0086243785738701,0.032174935422341,0.10197871997548,0.122583012308388,0.250283467208268,0.00807448752380529,0.0119345138657577,0.00666595432492309,0.0280743775990433,0.103050633716708,0.132908312480269,0.250034868437243,0.00760405809018783,0.0116268067672911,0.00810551805490513,0.0282838467747207,0.101935659319907,0.12904118028474,57.5,56.63,329,0.32,2.21847221771402,2.08273119724253,2.19201712517645,0,3
149,0.231062304632988,0.00865872627574853,0.00898651689118775,0.00769784081170069,0.0286415123635674,0.124528189492607,0.107906565385153,0.232000310276669,0.00643177423698524,0.0117206785002852,0.00589968545867545,0.0240307979601923,0.130712204929777,0.108188722557584,0.225203143725447,0.009949774891671,0.0121892205615676,0.00644439968894543,0.0242554310518762,0.130206692277354,0.108181513681139,57.5,56.66,323,0.32,2.16264860147816,2.03772793132527,2.13718623763101,0,3
150,0.266287990211863,0.0115388413071279,0.0203518186391865,0.010395839353858,0.0253674617413035,0.109177526482257,0.120214803292222,0.269813067110715,0.00783074330827423,0.0207594477431914,0.0124638451655005,0.0336004422504736,0.118708363507733,0.105561206010348,0.268853346947918,0.00921968773716983,0.018919897926451,0.0166831444285663,0.0289709892033513,0.125471192688014,0.112284982456335,57.5,56.69,318,0.3,2.10332080073483,1.97953184670267,2.07552222621695,0,3
151,0.258492706444658,0.00866621236082186,0.0148913560935203,0.00785455820756785,0.0276441607198574,0.128541237404272,0.0929991447080597,0.260434333647077,0.00810722077610695,0.0183582950369683,0.00632974405155858,0.0254337302273534,0.13287006283437,0.118330067741157,0.255238788263581,0.00836989352966388,0.0124434593531787,0.00821935937959882,0.0267831638237666,0.126294407933831,0.110560815595841,57.5,56.72,312,0.28,2.04103981916907,1.9198242054555,2.00859720521468,0,3
152,0.190789435622325,0.0111114974457841,0.0122574480194331,0.00761736282980086,0.0294612583170421,0.10427523692666,0.0932682634112035,0.187584600389939,0.0140785534500482,0.0114574404366632,0.0115321520013357,0.0240146829335008,0.112885378162874,0.135498494810884,0.196316717930494,0.0109614866902302,0.00855961882417547,0.00717251609254327,0.0308018398186115,0.0938095779592178,0.103614230155226,57.5,56.75,304,0.27,1.94730036667696,1.83204329466391,1.91196369239987,0,3
153,0.243455777720119,0.00694110998132705,0.00890173849894172,0.00655150670234468,0.066159801389106,0.137120657206124,0.113947333098798,0.241214862176094,0.00754971510352945,0.0133762134066445,0.00715966134097027,0.0567112145439949,0.0957515098002039,0.115573312027469,0.232171951667556,0.00843566632170096,0.010117554805995,0.0081676042628749,0.0582822758585175,0.104561959843589,0.133198707894096,57.5,56.78,290,0.26,1.84526845526044,1.73658805781317,1.80853601150077,0,3
154,0.219129222094524,0.00678267554005542,0.00973407945752105,0.00765111458737573,0.0141183269738753,0.113809088187335,0.116568021113611,0.222416517367716,0.00998467086677981,0.00848125227810209,0.00642020166643594,0.0150363505066564,0.108955289089664,0.103556350604834,0.235566172561362,0.00635843747510354,0.0122720364720418,0.00738923451999444,0.0177555402762204,0.100417674151243,0.104434427031645,57.5,56.81,285,0.24,1.67865134265675,1.56868191472117,1.62723232144723,0,3
155,0.185829771870385,0.00669485141525947,0.00999424925186745,0.00668129275649833,0.0516122160004867,0.114550759949622,0.110710613256896,0.190838387889296,0.00832111681068378,0.00812111537388513,0.00653176263055691,0.0563646830124343,0.102799341888652,0.102196343328253,0.184712048955367,0.00900663519439071,0.00828724039477768,0.00546995287608362,0.0513018551151986,0.10019614736575,0.0990952668575617,57.5,56.84,258,0.2,1.57023419360903,1.46265038169029,1.51552872785933,0,3
156,0.186007480864637,0.00668564235354236,0.00987318000616732,0.00834579650494769,0.0493620886669349,0.100718247013837,0.087785932681071,0.196546593886166,0.00788484302458494,0.00705088163097307,0.00669590524521195,0.0505486669987134,0.104847779338467,0.101825216213909,0.181384117060037,0.00638088065152208,0.0111263069997432,0.00671797680254156,0.0600044903800777,0.108049191476207,0.102693965163609,57.5,56.87,241,0.19,1.45096123243794,1.35555314696352,1.39882373325118,0,3
157,0.184945702481631,0.00560259729664757,0.0103652911485395,0.00672577868838011,0.0211543606626831,0.0849925637720967,0.0836407602545288,0.183775215735311,0.0045421994987827,0.00979528146570909,0.00613234258073177,0.0200623246344358,0.0845164989327993,0.0649796414524069,0.186910891328946,0.00573090692970596,0.00907787739580396,0.0086504598366162,0.0170924711909049,0.0755563873030211,0.0763858613014369,57.5,56.9,215,0.18,1.31164058195095,1.22758970082076,1.26370271904193,0,3
158,0.252446043012509,0.0536750118409179,0.0870351254740826,0.0424270716906239,0.0208661888446502,0.149481406521089,0.114409854090697,0.268456909964855,0.0535075017814,0.0863876526640797,0.0446095129841028,0.0204469385996593,0.165007098863064,0.123706718941386,0.260438753486317,0.0521781458900842,0.0849244815476415,0.0433094062377479,0.021283260949876,0.167503356795158,0.127277351548534,60,58.78,373,0.5,3.07054267060206,2.94453434574189,3.09426865389717,0,3
159,0.275157941018543,0.0570381901510938,0.0812618588300896,0.0106354310700911,0.0174373946854011,0.122584307576911,0.122212321565849,0.272606861285067,0.0624144904361738,0.0901761912492967,0.0123270655068732,0.0203492388780191,0.127433834456621,0.130522753464074,0.25561138245497,0.0561359521180688,0.0825463237979673,0.00902782251593845,0.0194547980423239,0.123323931396283,0.158382402518733,60,58.81,371,0.49,3.017022453472,2.88692479073906,3.03729906250594,0,3
160,0.249985984856696,0.0638497385081394,0.0778245217670357,0.0200431704996074,0.0261169983160143,0.15449494403236,0.126304195502581,0.282167571595536,0.073561288413366,0.0623690687013032,0.025060441008779,0.0222565877938727,0.152994584843295,0.140643843225247,0.235986367569126,0.0727821272466689,0.066637951726483,0.0255497185561594,0.0194075444186099,0.151184558737249,0.125129298125558,60,58.88,371,0.49,2.87248852151293,2.7508151255775,2.9007212470558,0,3
161,0.269940771665078,0.0163930689730663,0.0115998052302974,0.00877050885577499,0.0199200008982752,0.131790713561344,0.143659939785237,0.261522424830287,0.0174838194400615,0.0155641959755451,0.00692715973206342,0.0182876075090602,0.155976526086995,0.133285398490705,0.240085288202662,0.0202227887481804,0.0176399717635203,0.00720900388091529,0.0230417349125428,0.145223743889541,0.145846775304404,60,58.91,362,0.44,2.82285649417071,2.6980330231285,2.84380300518207,0,3
162,0.193509948940557,0.0160711415257302,0.0172171060384964,0.0111522123391844,0.0168426211835867,0.15910684046094,0.133114309779093,0.210500725242425,0.0171036439870565,0.0153214374002274,0.00705662251096913,0.0279717816696308,0.141491209512185,0.126878277861939,0.191449922076014,0.0151935135275365,0.0234228335942877,0.00874432644482084,0.0153512392192586,0.164793759234595,0.131483007214415,60,58.94,357,0.44,2.75203257603025,2.63077923875148,2.77463716642561,0,3
163,0.244294776497031,0.0144866070917698,0.0133650141681523,0.00894551236019342,0.0260187298908643,0.116705480460555,0.132550672785896,0.240827593813533,0.0176440717870092,0.0136607725011193,0.00563447291386956,0.0278426024859722,0.124578297127183,0.134585088555959,0.21124746800742,0.0124444415983361,0.0218811074572074,0.0127297317191936,0.026416911189614,0.110024467513858,0.13058509950161,60,58.97,357,0.43,2.70552022006524,2.58752920953899,2.72455445174917,0,3
164,0.244959837862011,0.0124979207682523,0.0164985649178203,0.00843013890203938,0.0310224418503208,0.136521764189757,0.132970724378693,0.243265737798748,0.0158503244037745,0.0198648101502884,0.0107893411481161,0.0295540359047603,0.151276706020474,0.141653061487415,0.25032387672116,0.0124248756532595,0.0148914883840264,0.00591822862889112,0.0327236666937867,0.156153932206119,0.140039162949234,60,59,355,0.41,2.66909296320753,2.55239532283213,2.68790163946574,0,3
165,0.187748673981524,0.0183350437491369,0.0184808007139068,0.0172998418261237,0.0217581795930891,0.135917523301941,0.133059415659959,0.194479282837656,0.0220130004587379,0.0166678595813861,0.0143209997334428,0.0259756580150106,0.135050484885529,0.107716100526354,0.245971479230146,0.0232015006558081,0.0180770814307942,0.0135697380041341,0.0253179363219914,0.154102918384196,0.107868192707204,60,59.03,351,0.39,2.59955491529609,2.48107029264521,2.61170918898867,0,3
166,0.192028460678978,0.0127333558963045,0.0241734614327068,0.0122327530561139,0.0296984444475002,0.148636121485844,0.142433502093126,0.189268576453408,0.0147687482541595,0.0108714033735759,0.0073321013161447,0.0208839041068329,0.149928650893395,0.14944941768681,0.192638598336179,0.0112434248402371,0.0131944457208998,0.0113169653839818,0.019421021242984,0.155558893690066,0.135771752380706,60,59.06,348,0.37,2.53766350743259,2.42071327072111,2.55060871259773,0,3
167,0.231061909429921,0.0169010462553255,0.0120535627040614,0.00930097902889031,0.0315499032141379,0.110085261129831,0.146352066050393,0.2119072534405,0.0178278653235013,0.0172829423764718,0.00735174965188776,0.0260062403497286,0.127196117200139,0.143273258558572,0.237978359951038,0.0195950455571776,0.0169135293990999,0.00880829485777438,0.0184687983626125,0.127532648016136,0.126195479770776,60,59.07,359,0.43,2.74610046746651,2.62458921003351,2.76648986744824,0,3
168,0.232053411146769,0.00912402720696077,0.0172982645063614,0.00817724907335238,0.0279648772012838,0.131303656738703,0.114172608455298,0.235451373377966,0.00765352748105027,0.0119222740823925,0.0106849298688644,0.0249203883964771,0.115722896627199,0.117956581184275,0.208662790828873,0.00849875049477424,0.0138038956206253,0.00552551616972818,0.0271467985915481,0.118772598432168,0.115424437716209,60,59.09,344,0.37,2.46660928857894,2.34633822182057,2.47201116518278,0,3
169,0.251342612403284,0.0373176677464255,0.0172257928168977,0.0122613862068881,0.0241212213718491,0.167283217819724,0.117238759605353,0.209430751700602,0.035592433585237,0.0251095253422837,0.0172835062087197,0.0182519049480659,0.136285650076306,0.114034380296479,0.221948762177724,0.0327794496521307,0.0158972533978002,0.0150401843368141,0.0204248457558701,0.145155543627262,0.132767302790225,60,59.12,339,0.33,2.39659217292155,2.27173827574616,2.39052678337659,0,3
170,0.157489693326751,0.0085592112285757,0.0128525241513015,0.00693954742055741,0.0246134221057039,0.140427642538351,0.110743337085842,0.155229686883673,0.00990883456964507,0.013551094473892,0.00686221292192666,0.0224476622880216,0.140446067797559,0.124390830637457,0.201031375720892,0.00593143434510319,0.0159632767658313,0.00633920701113329,0.0228033086400811,0.160126029311011,0.112962960578092,60,59.15,329,0.33,2.25400441433536,2.10976195032274,2.2228414620175,0,3
171,0.215599840294623,0.00930514493274384,0.0123369141087725,0.00706149030539574,0.021350487552108,0.145626693711016,0.0935824767299492,0.19454453543054,0.00802916177240461,0.0133161406712295,0.00898865615863622,0.0194160486273164,0.14585318419675,0.0963467668528234,0.200422792695313,0.00942769103924752,0.0118772783883469,0.00538277103074802,0.0260816674757269,0.135325831804725,0.109240440283379,60,59.18,324,0.3,2.18952527890579,2.05146347681253,2.16134893812721,0,3
172,0.223037790797505,0.030876556114805,0.0449110916048652,0.0210300008690785,0.0174003020645149,0.116428973665332,0.14444737125792,0.242934487134599,0.0312850255603194,0.0362063536370251,0.0140736145269635,0.0272832243297963,0.139942312895073,0.122212040758539,0.185261142858706,0.0274661535476504,0.0346911050353437,0.0210997655276874,0.0226330510708047,0.109204645570355,0.126337114313701,60,59.21,318,0.28,2.10653218285535,1.96739151087351,2.06406238752433,0,3
173,0.188067882286982,0.0256413785541269,0.0183980222358791,0.0106733241260425,0.0225409422810174,0.123402923762148,0.120563201961805,0.15288200840428,0.024750149939808,0.0184392659479335,0.0113745473228852,0.0183993421554205,0.125034911286125,0.117988820064779,0.186759435293173,0.0222229917802934,0.0174491327638937,0.00679920431461855,0.0188726848733043,0.127136931487209,0.123008984029198,60,59.24,309,0.26,2.01295405860973,1.88494632459433,1.97401982305103,0,3
174,0.173848006532822,0.00771310255081525,0.00775982221416244,0.00643912113662993,0.0182218186793714,0.10133776407058,0.109806468083219,0.188292669918731,0.00595723163510378,0.00682777129205008,0.00875343845353327,0.0223854384077418,0.112600095962322,0.109237534611879,0.171867435860962,0.00569180307774603,0.013426951792802,0.00735757432828085,0.0176865379414618,0.0918079734574556,0.109186060814433,60,59.27,302,0.24,1.93662613627187,1.81184718654686,1.89260333407831,0,3
175,0.18342119376816,0.00765081636863828,0.00974282906880527,0.00632468643956755,0.0128786779528308,0.124530383924477,0.120786507222257,0.173281131046418,0.00692056900415892,0.0140434295145423,0.00923931223790744,0.0230239389646725,0.125161277884142,0.117369003277198,0.187526576788535,0.012542067490805,0.00934655267787295,0.00773027969556536,0.0202527701691073,0.130421849430176,0.117537404715761,60,59.3,293,0.23,1.84129393028798,1.72771121308283,1.798075564656,0,3
176,0.191493052353903,0.0287142450066443,0.0271890738322729,0.00785560338112351,0.0200927393607032,0.125575397348426,0.0987703635669119,0.186874167200403,0.024082362856811,0.01910730956656,0.0107188086678019,0.0238280642803503,0.0949268300134055,0.0964904055296062,0.141418177944381,0.0268916886358362,0.0237768982168879,0.00706483659819037,0.0195108350070038,0.107611082289384,0.0939081909817568,60,59.33,282,0.21,1.73927509776488,1.63219424620572,1.69624834347077,0,3
177,0.130091856967324,0.00841789561567134,0.0105419906444816,0.00815168052871613,0.0236239487838161,0.0982933988461264,0.0768905449227205,0.182479674936265,0.00768657491030008,0.00636761476711062,0.00748175658820974,0.0210726475503155,0.121818344142769,0.105721500972984,0.181609472144565,0.0100415036232618,0.013758432390168,0.00643953340495443,0.0182972429863527,0.111966648469361,0.083358907607606,60,59.36,259,0.15,1.56804203097437,1.46522647997086,1.51258184035238,0,3
178,0.18463559930191,0.0136472283956494,0.0122020435526867,0.00657450224792136,0.0186683320451172,0.0806952267415044,0.0800991746273726,0.118385221316482,0.0101985211523289,0.0103790648867116,0.00590451356396923,0.0231445901918114,0.0816820933595756,0.0898527831843868,0.166481868856812,0.0119330073003753,0.0147827684608212,0.00732583922028218,0.0149348819347859,0.0948338847569805,0.0963184940924873,60,59.39,245,0.15,1.46944909808807,1.37710602250833,1.41618693048961,0,3
179,0.148718493499705,0.00875099172274655,0.008547372597598,0.00629153207830272,0.0153914112537126,0.0901431113833357,0.066271926878741,0.1132900077635,0.00806575526731777,0.00919879923966642,0.00573048365719137,0.0133630374109881,0.0956809928938223,0.0692034881909759,0.140247055313295,0.00675318365308925,0.00901890940399792,0.00621653746130077,0.0154789631770321,0.0959225132105966,0.0615492136686813,60,59.42,218,0.13,1.29517307116434,1.21104095147989,1.24902748985309,0,3
