idx,scm_COR_X,scm_IDM_X,scm_ENT_X,scm_CSD_X,scm_CSR_X,scm_DKL_X,scm_MDR_X,scm_CAD_X,scm_COR_Y,scm_IDM_Y,scm_ENT_Y,scm_CSD_Y,scm_CSR_Y,scm_DKL_Y,scm_MDR_Y,scm_CAD_Y,scm_COR_Z,scm_IDM_Z,scm_ENT_Z,scm_CSD_Z,scm_CSR_Z,scm_DKL_Z,scm_MDR_Z,scm_CAD_Z,Freq_Rated,Freq_Gen,CC_bus,Power,I_R_rms,I_S_rms,I_T_rms,Load,Class
1,0.450558050204454,0.787451178026963,1.90892843017264,0.206650115905655,0.654465492513472,0,1,1,-0.0705124839342043,0.631193587073156,2.1896527826858,0.478944143661698,0.755080112704539,0,1,1,-0.0923321252435117,0.637161826360659,2.20387562004244,0.458474510210786,0.839977692384849,0,1,1,45,43.79,352,0.49,2.96863155907553,2.61847466168056,2.69854826958521,0,6
2,0.454526007665066,0.778307026555836,1.97035714046321,0.210343977435317,0.718441179404747,0,1,1,-0.0800811734108887,0.63861038380484,2.10795759404398,0.467763079523074,0.876020356725764,0,1,1,-0.0860093451915625,0.651542200388319,2.13948473051765,0.430396129027899,0.945966930387989,0,1,1,45,43.81,351,0.49,2.90782576187422,2.56164683824169,2.64193126464622,0,6
3,0.445202860513889,0.766624246791678,2.01619999755584,0.222148457540553,0.740275681766872,0,1,1,-0.077491163231769,0.614938075735773,2.14216945018743,0.518696663168788,0.811306198341896,0,1,1,-0.0947560293056617,0.622254302888504,2.15106434735753,0.496048744608854,0.879624257837045,0,1,1,45,43.83,350,0.48,2.86977197576818,2.52682064282636,2.60640168339377,0,6
4,0.461409317124833,0.777532423102043,1.99367216090007,0.210156130019295,0.710681264005029,0,1,1,-0.0612027208272342,0.632959465275844,2.10424890630387,0.478579280825311,0.919266579241945,0,1,1,-0.0754202428021602,0.64378235006309,2.12143213198711,0.450063814672004,0.856670546069026,0,1,1,45,43.85,348,0.47,2.83420446670565,2.49584208862678,2.57267194958642,0,6
5,0.453463958647304,0.786831586567211,1.91595043687727,0.203321409382396,0.704479352349871,0,1,1,-0.0753510854152648,0.630119722747322,2.08188567256672,0.486421238679231,0.876237365171793,0,1,1,-0.0837589038970779,0.636715566422168,2.11999629236462,0.464917616297183,0.866625087602676,0,1,1,45,43.87,346,0.46,2.80113553716602,2.46936092116142,2.54043857995226,0,6
6,0.450134471325816,0.781738586616635,1.93594961054499,0.209572787849471,0.702778990968308,0,1,1,-0.075128476960884,0.644870058683175,2.10740149198914,0.456708313731914,0.947384284756515,0,1,1,-0.0846354835861839,0.651440334579756,2.10651952081789,0.439051623530136,0.949732028785452,0,1,1,45,43.89,344,0.46,2.76621537089285,2.44070307798304,2.50411631342183,0,6
7,0.465668649797349,0.790976539635834,1.91795608699996,0.197088825831584,0.696736457833306,0,1,1,-0.0543747123848661,0.649873924458655,2.11099999130872,0.445063731957342,0.924733508811014,0,1,1,-0.0669694568254939,0.659874359921871,2.12763738593818,0.417012769409931,0.942236732570481,0,1,1,45,43.91,342,0.44,2.72286371520499,2.40325309117405,2.46544710580319,0,6
8,0.452907024321843,0.783269366335082,1.93076619408688,0.207266075526159,0.713875751758904,0,1,1,-0.0683034204026469,0.638757233925674,2.09531757797457,0.465455807717499,0.798614385887924,0,1,1,-0.0725266898466184,0.649080901443556,2.12930369935418,0.436222640043023,0.934675000402457,0,1,1,45,43.93,340,0.43,2.67335204708896,2.36160635315579,2.41838224757096,0,6
9,0.453640399539568,0.784030859454628,1.95016590506634,0.198290603428212,0.749662161872552,0,1,1,-0.0845728640551507,0.624921884764404,2.12687881131275,0.498592204983955,0.843088966538591,0,1,1,-0.107729297218739,0.632847306601863,2.16068805802611,0.473577442208674,0.951832465427579,0,1,1,45,43.95,338,0.42,2.63805690643483,2.33073181346202,2.38525797083952,0,6
10,0.448539817168646,0.773538785234692,1.99084899460001,0.211520618763365,0.75230696039419,0,1,1,-0.108053268721513,0.607496506895086,2.07767465879724,0.543499400708039,0.912585127059962,0,1,1,-0.112994409792651,0.621033150749587,2.10095426869475,0.507108862158984,0.920375816581641,0,1,1,45,43.97,336,0.42,2.60350845262273,2.3069290308225,2.35143233765023,0,6
11,0.457678854332134,0.793247874095698,1.8798405280637,0.195428535170372,0.715062868048851,0,1,1,-0.0902786818489408,0.638977635782747,2.08969144817588,0.47062659032136,0.907815978454451,0,1,1,-0.103689981553769,0.646696673392312,2.11543365828005,0.447810803125676,0.925939187427712,0,1,1,45,43.99,335,0.41,2.57353500382117,2.27781200844168,2.3226505914522,0,6
12,0.453056063718495,0.778937529210157,1.95492366689471,0.206536090355007,0.753860434757806,0,1,1,-0.0998908159780331,0.619141374741508,2.11164491721609,0.512030750859123,0.86818810762375,0,1,1,-0.123822645375004,0.621929224454257,2.12204809001224,0.503264612044848,0.831801039296492,0,1,1,45,44.01,332,0.4,2.52563254797918,2.24030511145715,2.27522714939429,0,6
13,0.442564375091591,0.783330722230926,1.92775381811141,0.201172690212022,0.77321275786156,0,1,1,-0.105126925472001,0.616614048934491,2.09107731618528,0.520118521341403,0.881207743803742,0,1,1,-0.118314120866243,0.623550245678796,2.11613015038683,0.496101920802759,0.876067868096492,0,1,1,45,44.03,329,0.38,2.4798244831403,2.20507386211875,2.23240336765154,0,6
14,0.464936175901968,0.793650793650794,1.89575655818293,0.19213817667934,0.739459332387416,0,1,1,-0.0910857270904294,0.633850132474677,2.11371911439355,0.482821723465768,0.913778808772659,0,1,1,-0.113337290920015,0.642483584544415,2.13238715293539,0.45609356206271,0.849106521173871,0,1,1,45,44.05,326,0.38,2.44080890363258,2.17174616204167,2.19568466688585,0,6
15,0.463546292149908,0.78662114752293,1.94781909564835,0.194619341105124,0.778081824585142,0,1,1,-0.0829502099072616,0.626283881958014,2.1196560241943,0.496539141259558,0.791494066614163,0,1,1,-0.104874444461036,0.633842097256731,2.14982554803213,0.474055350971774,0.921179033956479,0,1,1,45,44.07,323,0.36,2.38170795109805,2.12308538031924,2.13871819723208,0,6
16,0.45062734797096,0.786200606946868,1.93154156198731,0.195555091900695,0.795872724000079,0,1,1,-0.0734571512844233,0.646521070121675,2.04945695185775,0.45618566495728,0.879852858448002,0,1,1,-0.0856044934228888,0.654578778555999,2.07748058428855,0.43345522596443,0.855032302831467,0,1,1,45,44.09,320,0.36,2.34441648738544,2.09228657351594,2.101708499103,0,6
17,0.443547321441739,0.786757301107755,1.88115571871752,0.200085353427529,0.785167668331035,0,1,1,-0.0819049097957691,0.647853015107932,2.06085421357268,0.454744556279033,0.927258864671955,0,1,1,-0.101798565029529,0.651296079197603,2.06825746968215,0.443192427553272,0.920515760638808,0,1,1,45,44.11,317,0.35,2.29813826710845,2.05278943167668,2.06097418129193,0,6
18,0.449356387624973,0.796241738991957,1.85148234658252,0.189991142319757,0.781989108627064,0,1,1,-0.0960890933842014,0.633689466813683,2.02792928285329,0.492047994044779,0.844424579242442,0,1,1,-0.109399268455305,0.640049155775164,2.05158284999799,0.470244127820166,0.927430536448855,0,1,1,45,44.13,313,0.34,2.24889310905223,2.0100240213187,2.01526035808969,0,6
19,0.452316820382437,0.800115216591189,1.83667214567092,0.186102514923076,0.771801188710329,0,1,1,-0.0798110874214741,0.656590195795197,2.03393154307019,0.438249742391987,0.853609021223807,0,1,1,-0.0994170622763313,0.658761528326746,2.04575187876255,0.432074274693602,0.893546728661314,0,1,1,45,44.15,309,0.31,2.19836469585848,1.96756623361078,1.97243920031332,0,6
20,0.441742017310099,0.780286833439973,1.93515083985485,0.200286232437343,0.812827813045223,0,1,1,-0.0998267882141694,0.630016506432468,2.05551094608975,0.495674777389411,0.905947433000194,0,1,1,-0.123455242818688,0.640664240684742,2.07033638382941,0.466172307183815,0.908319398373147,0,1,1,45,44.17,306,0.31,2.15465053846435,1.92696077927454,1.92998840189461,0,6
21,0.462098280632389,0.801963205928112,1.82984240572947,0.182931753506541,0.785956344749285,0,1,1,-0.0763631374044595,0.657998631362847,2.02899617060165,0.437040337766249,0.961602446373421,0,1,1,-0.0854966298238189,0.668270515904838,2.03970657016835,0.412914879354152,0.940532620941181,0,1,1,45,44.19,302,0.29,2.10584477645241,1.88644192951528,1.88554142781664,0,6
22,0.446693040320197,0.802194804986443,1.79386057680031,0.186046818003839,0.798902443173816,0,1,1,-0.0969304627589008,0.652503001513807,2.02699101192239,0.449293818666329,0.891150552640627,0,1,1,-0.108074775402892,0.66039729501268,2.05024724429571,0.42642757233599,0.860298556738826,0,1,1,45,44.21,296,0.28,2.05255265570221,1.83899633433732,1.83466076151057,0,6
23,0.448118066554937,0.809572383866842,1.76510981203213,0.173994934754962,0.830574299130323,0,1,1,-0.101204973775543,0.647727125516562,2.00234747799472,0.461611883484869,0.834958181806661,0,1,1,-0.109383189175967,0.654938894201171,2.02453097050863,0.44259780722754,0.905968226443342,0,1,1,45,44.23,291,0.27,1.99689928125917,1.78778755986983,1.78046436052998,0,6
24,0.451948476768711,0.803600128576021,1.81962592913717,0.178415512161078,0.828316150052749,0,1,1,-0.108045782341274,0.643351604518901,1.93022642582402,0.479891225398485,0.885470866191773,0,1,1,-0.13391952777927,0.645827951433738,1.94283703641732,0.470450300771366,0.878675032718791,0,1,1,45,44.25,286,0.26,1.94566235096184,1.74361903573837,1.73182850482409,0,6
25,0.44500198016669,0.791226876394537,1.83614356924729,0.193123805742482,0.853195299286923,0,1,1,-0.109540349235648,0.627226654623915,1.97475928212475,0.513510438071802,0.865814864091127,0,1,1,-0.126907172124774,0.638749073813843,2.00489913432853,0.477643688072425,0.935714131262096,0,1,1,45,44.27,280,0.25,1.89294024481,1.69584588384094,1.67921152244711,0,6
26,0.442917661122864,0.812875955129247,1.72621711348314,0.16855288467402,0.849758228185535,0,1,1,-0.0991238378531517,0.658752849106072,1.91976177171046,0.449585045036211,0.672261928788534,0,1,1,-0.108288957618795,0.667066906810753,1.94544890503898,0.42196751453589,0.885103029937479,0,1,1,45,44.29,275,0.24,1.83548515212653,1.64697706738967,1.62603687008326,0,6
27,0.431238412529469,0.798046382455748,1.78866849558181,0.183279205403994,0.869050217648956,0,1,1,-0.1209444995432,0.640721708932942,1.96039653515057,0.48420486612869,0.885064316652293,0,1,1,-0.149090256956565,0.64397305616733,1.97133329363811,0.472926322205532,0.878718996098495,0,1,1,45,44.31,268,0.22,1.7794279736477,1.59806250372574,1.57437916536396,0,6
28,0.435601484320242,0.815062352269949,1.67284292754802,0.169790533195542,0.872212808918331,0,1,1,-0.123580134500525,0.658215183707858,1.84626826651001,0.457746328240359,0.86324836373454,0,1,1,-0.122189525672451,0.668627975394491,1.8522761919477,0.430355608344069,0.885629249407473,0,1,1,45,44.33,260,0.21,1.71832170064317,1.5463047273039,1.52051690943366,0,6
29,0.420548836272002,0.798990076543249,1.75840855748314,0.177835860093265,0.925323798751452,0,1,1,-0.138021120324917,0.653193462839824,1.85300955531333,0.466921237682553,0.841415384349677,0,1,1,-0.155375747736105,0.660580518159358,1.85537365705676,0.44818531822221,0.715154052697415,0,1,1,45,44.35,248,0.2,1.62267711946942,1.46415417796839,1.43327170301009,0,6
30,0.442135537469333,0.811266874350987,1.72899151027908,0.161185879141974,0.933458845777892,0,1,1,-0.127199900935874,0.666213641390521,1.86913651232633,0.433955446480164,0.82435524572651,0,1,1,-0.125012375855229,0.675840069206023,1.89351523192853,0.409164253422414,0.875234199918686,0,1,1,45,44.37,238,0.17,1.54922401642018,1.40076692771172,1.36766227754537,0,6
31,0.470546979466566,0.856267018306989,1.46337503307017,0.127205719071018,0.907297547103551,0,1,1,-0.169192926960206,0.645511115701412,1.83561052449724,0.483772633356019,0.726840907825463,0,1,1,-0.173919162569225,0.654527365789164,1.8496613086574,0.455860635313985,0.879810326593161,0,1,1,45,44.39,226,0.16,1.46305696412063,1.32545845548295,1.29421190421955,0,6
32,0.421102888248974,0.810517272123069,1.68075628636587,0.16161077848993,0.970962314079983,0,1,1,-0.0528518917950646,0.774581338786386,1.564815757851,0.257393454517518,0.948346580360911,0,1,1,-0.124821173662549,0.708777500567022,1.72025492041771,0.362697439497755,0.841914356521071,0,1,1,45,44.41,215,0.14,1.38315245740513,1.25673146825857,1.22299494306166,0,6
33,0.407653114363928,0.735121147965184,2.14218045959457,0.274652076447556,0.658113946354021,0,1,1,-0.0870023305195135,0.628756822011519,2.08751776164679,0.494056152705963,0.87795030042185,0,1,1,-0.078098483819671,0.640762763994258,2.17551433964387,0.448200649149694,0.851810554003195,0,1,1,47.5,46.25,361,0.53,3.11915024104094,2.74557577723046,2.82631937925948,0,6
34,0.43653453738524,0.756761665481074,2.03230156508631,0.242661805444478,0.689045135491057,0,1,1,-0.0623448758023509,0.622215585255979,2.16769810245718,0.500105522105306,0.939008134653843,0,1,1,-0.0897062204540718,0.63056473377557,2.18394553351678,0.473122600116092,0.870822093597841,0,1,1,47.5,46.27,359,0.52,3.07578600203642,2.70381004526126,2.7835604341787,0,6
35,0.458005815378505,0.778040582596789,1.97111904192172,0.215422102845693,0.676911793657794,0,1,1,-0.0756567046494458,0.618727648463699,2.14155727044098,0.507309834896887,0.808311335729928,0,1,1,-0.0827694159517488,0.630819308117383,2.17788022857955,0.475126146231951,0.850369090017811,0,1,1,47.5,46.29,357,0.51,3.04501339221232,2.67657713885628,2.75171074086975,0,6
36,0.441571737060592,0.765509216730969,2.00936574535159,0.231125517010577,0.691015036608969,0,1,1,-0.0744558186221432,0.628330149793908,2.14245777563588,0.488099841607684,0.954631094738475,0,1,1,-0.0855270591950828,0.638357633480581,2.1369322571466,0.461956653388718,0.913015091763377,0,1,1,47.5,46.31,356,0.5,3.01616592751886,2.65417689029059,2.725752729152,0,6
37,0.449824441628357,0.770048205017634,1.99400209099379,0.225834781943505,0.672694569674971,0,1,1,-0.0913211082601789,0.607046596896778,2.18400983614362,0.533111584945707,0.843353419677902,0,1,1,-0.113027049548621,0.614069561799961,2.21412082848651,0.50993769350556,0.900736214149101,0,1,1,47.5,46.33,355,0.5,2.98468087601369,2.62218657886151,2.69136945151359,0,6
38,0.441904046655135,0.761614623000761,2.0354806310929,0.236026576342007,0.664157932420232,0,1,1,-0.0626559076759672,0.622905480322416,2.18072858982917,0.49667036335768,0.898817246233284,0,1,1,-0.098015644674318,0.639263568369238,2.12716728811142,0.460197274104035,0.913937099679402,0,1,1,47.5,46.35,353,0.49,2.94820022372896,2.59368677083143,2.6567833369636,0,6
39,0.45997082131382,0.773383242331905,1.97932047656702,0.218234523495468,0.701412331875663,0,1,1,-0.0676300549278388,0.634904510361642,2.14326933291906,0.474212967525386,0.890411145281703,0,1,1,-0.0856598587251862,0.65025424941152,2.16696993585978,0.433424077790805,0.838020506151804,0,1,1,47.5,46.37,351,0.48,2.9044149153162,2.55486487710283,2.61608058110066,0,6
40,0.440859617705979,0.777653353241259,1.93970671285815,0.218841845011065,0.675501630264024,0,1,1,-0.0856921675591422,0.623783621937222,2.12595462819453,0.500406064228235,0.940752928919962,0,1,1,-0.0811447670281829,0.638137659055811,2.15789949466277,0.459243333990693,0.913014459600499,0,1,1,47.5,46.39,349,0.47,2.86947152240006,2.52486548137187,2.5844835196794,0,6
41,0.437361399838644,0.770689150238143,1.99677964937478,0.221475448509474,0.714923237966984,0,1,1,-0.0844927259177161,0.617154424380068,2.16569175361419,0.513105979521839,0.842133182792588,0,1,1,-0.118339472159052,0.621110296766499,2.19974859334028,0.496325767322057,0.928395434553524,0,1,1,47.5,46.41,347,0.46,2.82162102952182,2.48365511573146,2.53739923184875,0,6
42,0.437512946498265,0.765825789949302,2.0071829828791,0.227062203488806,0.711494858386299,0,1,1,-0.0891141253166999,0.618016414515969,2.17863906676615,0.510179144000959,0.885770904750915,0,1,1,-0.115588423475717,0.628132812401854,2.20963887974251,0.478406195043377,0.931381637443411,0,1,1,47.5,46.43,345,0.45,2.77985945754333,2.45015332270442,2.49889078155457,0,6
43,0.433613777308286,0.76944384598812,1.95744256966976,0.226295268693486,0.727089781093364,0,1,1,-0.0784823370648007,0.628172269963314,2.13557097801943,0.490103605426672,0.799948196995373,0,1,1,-0.0979036348715338,0.636375206821942,2.15211092808296,0.466870860948242,0.941734435703892,0,1,1,47.5,46.45,343,0.44,2.73485947385328,2.41232749662469,2.45718025863294,0,6
44,0.445464939960906,0.777097385844394,1.95380387715802,0.21499522556117,0.702439504561726,0,1,1,-0.0872483066727021,0.609800717125643,2.08408697103657,0.538024446245711,0.765300432433002,0,1,1,-0.0877594743603685,0.625304836107602,2.11845171657079,0.49282735792821,0.919901459793935,0,1,1,47.5,46.47,340,0.43,2.68950362705726,2.37719130400784,2.41883176750622,0,6
45,0.435445487578391,0.767577525330058,1.98454605541568,0.225697722307078,0.733948965072902,0,1,1,-0.0747654118678447,0.618712335886553,2.13278846998309,0.515877077129558,0.912199381705677,0,1,1,-0.104622313158469,0.624258692802298,2.16231712269461,0.494657241953435,0.864586264020717,0,1,1,47.5,46.49,338,0.41,2.63448909248647,2.32613434997965,2.36772728483517,0,6
46,0.447450171876287,0.780871765238712,1.92148972978564,0.213369839039906,0.69525186852807,0,1,1,-0.0858768590565221,0.616500006165001,2.07899463406847,0.522199233812709,0.897340344133593,0,1,1,-0.0896798677167873,0.629833975763989,2.12723017027425,0.479271420934197,0.913147990015792,0,1,1,47.5,46.51,335,0.41,2.5884846464945,2.28951831480331,2.3253937962555,0,6
47,0.446734289336247,0.777786419849109,1.94491519139775,0.214765757524269,0.714908256604946,0,1,1,-0.0926350781879987,0.609778406527068,2.05030496382122,0.543362132601635,0.883723996299292,0,1,1,-0.104397237008007,0.623495816343072,2.09136865380055,0.502223145276349,0.909707810591083,0,1,1,47.5,46.53,332,0.39,2.52841496494192,2.24333376911647,2.26830718499849,0,6
48,0.43340432864086,0.767389035545461,1.97610800948028,0.224408272152767,0.74411340153589,0,1,1,-0.0921426551851029,0.620216579629607,2.06298098031969,0.517459312324365,0.934714201199297,0,1,1,-0.111117779912487,0.627817330269584,2.07439950929776,0.493810776119986,0.90294947453926,0,1,1,47.5,46.55,329,0.38,2.47937394586623,2.20389613336644,2.22353474685249,0,6
49,0.43351672410024,0.769100613742289,1.96718425644333,0.21888504638132,0.783258789718205,0,1,1,-0.106977326682462,0.605810938522306,2.03720621121537,0.555552469604628,0.909544294150557,0,1,1,-0.125305599689184,0.617703378837482,2.06196837864145,0.520047234975921,0.882713013056044,0,1,1,47.5,46.57,326,0.38,2.43303234206482,2.16621008222577,2.17931238455673,0,6
50,0.430940596034279,0.772618403770378,1.95353989352276,0.218771561654931,0.757941075858475,0,1,1,-0.0965860800598543,0.626880641925777,2.05690328183519,0.503808210473731,0.843228819831264,0,1,1,-0.102443710524296,0.641165382198684,2.08747911026054,0.462913955124078,0.89777938556638,0,1,1,47.5,46.59,323,0.37,2.38385584297908,2.12375634723288,2.13411153964119,0,6
51,0.433474903404497,0.769455687046983,1.9621280765044,0.220220028571658,0.789379789917942,0,1,1,-0.0908047152645373,0.621828673763804,2.10881442082501,0.512348158521339,0.897184846301795,0,1,1,-0.119389341386007,0.631424746798676,2.12439573706468,0.48508199883276,0.939749429121625,0,1,1,47.5,46.61,320,0.35,2.33511652310132,2.08172319522934,2.08906359991217,0,6
52,0.42920821539579,0.773490919216608,1.91721730299628,0.21634650473289,0.780369418248282,0,1,1,-0.100013023034306,0.624804748516089,2.06434047861742,0.508419130469216,0.889524610957923,0,1,1,-0.113925602680707,0.640385255769871,2.07462236542766,0.467786125236874,0.924189527182055,0,1,1,47.5,46.63,317,0.33,2.29138246976837,2.04480254285915,2.04934169205913,0,6
53,0.426754674717168,0.779848709350386,1.90943247878957,0.208333899901501,0.785275741236468,0,1,1,-0.0976472069339326,0.622633990834828,2.05741613639878,0.513397793866544,0.907549840196697,0,1,1,-0.120591496834109,0.634340666311436,2.09829089823081,0.476524294121166,0.897714183272724,0,1,1,47.5,46.65,313,0.32,2.23539392999085,1.99660893265081,1.9999812515841,0,6
54,0.413276711247654,0.777351098397102,1.89845140134433,0.213285480066761,0.813773867917049,0,1,1,-0.107237808115066,0.625625625625626,2.01437801537615,0.511952609540063,0.914621844357044,0,1,1,-0.129606886196972,0.635744074865222,2.03967777072778,0.479900936618475,0.864102754457498,0,1,1,47.5,46.67,308,0.31,2.17336717637957,1.93984640172997,1.94333018489701,0,6
55,0.418636774334652,0.77300063386052,1.92281815852831,0.214094577112445,0.843127053147136,0,1,1,-0.107360055319161,0.608916980258911,2.02399493656334,0.551452174541578,0.860470175470289,0,1,1,-0.129919289707626,0.623799186565861,2.02954796416299,0.510878939482072,0.888464114664461,0,1,1,47.5,46.69,300,0.29,2.09064283650466,1.8638987717631,1.8661533339892,0,6
56,0.434040583618622,0.781506431797934,1.92422072797887,0.204705641901607,0.831304207677734,0,1,1,-0.131978572277688,0.620062750350336,1.98844784782789,0.526886096795406,0.88320813821319,0,1,1,-0.139297481131562,0.628796358011494,2.03176319462217,0.496831323312359,0.820798877061308,0,1,1,47.5,46.71,295,0.28,2.04181830695064,1.82397820996844,1.82015534382547,0,6
57,0.420376217211034,0.775229855652201,1.92115855594729,0.21235376980896,0.849802824585636,0,1,1,-0.0951968443361897,0.638928644448988,1.9869433003059,0.486196367799926,0.823600966832679,0,1,1,-0.105964508711503,0.652409347721134,2.0100165780441,0.44781591333817,0.920547726784803,0,1,1,47.5,46.73,290,0.25,1.9887227024133,1.77883655303935,1.76952058460175,0,6
58,0.423403030056735,0.783625364385795,1.85901600029114,0.203405675129814,0.829892340631609,0,1,1,-0.105312391904997,0.629199909395213,2.02049150265089,0.50237491062106,0.687044103360197,0,1,1,-0.140806270536901,0.635122261035249,2.03134523393021,0.485768609052485,0.873171895734027,0,1,1,47.5,46.75,285,0.26,1.93567106437334,1.73235868880352,1.71816731254473,0,6
59,0.429793048782076,0.789552639474474,1.84345130291646,0.192577207417714,0.851984555932249,0,1,1,-0.110231208749509,0.648256190846623,1.94621565038612,0.468659750638478,0.905497595975193,0,1,1,-0.110579772823184,0.661060870484954,1.96202735830094,0.432633114896192,0.924160658629464,0,1,1,47.5,46.77,280,0.23,1.88336634920933,1.68605327432743,1.66451345658188,0,6
60,0.437035042347224,0.801397637479764,1.78538238452591,0.180808758635968,0.846423634537317,0,1,1,-0.0901159785518135,0.666160384774238,1.91763510568564,0.433358158706909,0.874004584812672,0,1,1,-0.105373332207668,0.675995403231259,1.9245406370318,0.404399625823223,0.920492728477322,0,1,1,47.5,46.79,272,0.23,1.81499617494301,1.62588274209333,1.60018575856516,0,6
61,0.422199735037658,0.803019352766402,1.73269065451596,0.184856799122795,0.864483531838427,0,1,1,-0.138980284807521,0.640688868671595,1.91258130562043,0.48904860608797,0.925494812862267,0,1,1,-0.135462939787664,0.654390304553247,1.9436227534755,0.448843506768245,0.858782694152638,0,1,1,47.5,46.81,263,0.22,1.73675993967926,1.55832239683122,1.52938012538002,0,6
62,0.396069189786514,0.793273044581945,1.75737102145175,0.190549744241668,0.922542597395866,0,1,1,-0.138319622266508,0.647743907968545,1.90205303374897,0.474224478495695,0.864437787047331,0,1,1,-0.149907084454645,0.650541901403869,1.92547366201917,0.463600152180947,0.91587951717426,0,1,1,47.5,46.83,255,0.2,1.68695654075888,1.51714597789545,1.48459391665928,0,6
63,0.41618990373212,0.812558910521012,1.66647399477612,0.171918921232213,0.907324790197046,0,1,1,-0.132081135269228,0.659082820347205,1.84150825645994,0.455219493815947,0.842552996802129,0,1,1,-0.136882430361205,0.670187384392676,1.8599048048846,0.424413529853137,0.841876746773647,0,1,1,47.5,46.85,246,0.18,1.6121971578885,1.45287690651601,1.41851758308253,0,6
64,0.435398402988768,0.818357393040689,1.66985846595441,0.157634744848294,0.931803674961409,0,1,1,-0.103653706000262,0.680874242527405,1.82187985143427,0.412077831024412,0.864862291178387,0,1,1,-0.117555828682821,0.689607613268051,1.81994623406645,0.38760263049118,0.867128181506382,0,1,1,47.5,46.87,237,0.17,1.53373560357346,1.38536802813707,1.34866523320551,0,6
65,0.435955498661616,0.820950660865282,1.63619116661019,0.154038787638952,0.921483944027205,0,1,1,-0.109711606299925,0.684340911268357,1.79810485810205,0.407778432411062,0.869872348994898,0,1,1,-0.0757682710465214,0.74794315632012,1.62895504787878,0.298105853138302,0.924888819272823,0,1,1,47.5,46.89,228,0.16,1.46088485391704,1.32262356963912,1.28485561937536,0,6
66,0.40132462278546,0.80907458049483,1.65763005226499,0.168075332538091,0.968351517646361,0,1,1,-0.184578015928048,0.647962159009914,1.77425063826095,0.484828052063848,0.607780307803726,0,1,1,-0.119463830275554,0.722324150185638,1.66066602268502,0.341331312689738,0.898382939528046,0,1,1,47.5,46.91,216,0.14,1.40434182270616,1.27329570962855,1.23555951890605,0,6
67,0.438350638338185,0.769917772781868,1.97276539755106,0.231712312391811,0.65594059219394,0,1,1,-0.0804194148593544,0.609622278036528,2.11423081604603,0.53382639916195,0.836367206342345,0,1,1,-0.104211359395991,0.62086349695156,2.14973215449869,0.501283719709637,0.846294918863369,0,1,1,50,48.8,359,0.52,3.07617719437477,2.70305440651033,2.77588780093796,0,6
68,0.452230163446033,0.771724031486341,2.00760173829766,0.220934050490033,0.691608883858189,0,1,1,-0.0412418423786566,0.639443428439886,2.17188643555736,0.462896452035687,0.653257355278211,0,1,1,-0.0750946143242029,0.646512710439887,2.17415792234779,0.444191730701175,0.92238514154178,0,1,1,50,48.82,358,0.51,3.04560208804211,2.68013059929088,2.74536122987421,0,6
69,0.454142785716136,0.766683022571148,2.01152753393386,0.23144985516141,0.678206438397854,0,1,1,-0.0613919292038005,0.630787475083895,2.17162013125266,0.483056368638263,0.873950127549367,0,1,1,-0.0856979816195578,0.642260757867695,2.18842926452827,0.452376283233004,0.907187057557149,0,1,1,50,48.84,356,0.5,3.00897995752192,2.65200566495317,2.70714283118515,0,6
70,0.445691809480507,0.768793148515461,2.00914737196515,0.226305477684045,0.687788822760916,0,1,1,-0.0687393431194076,0.626166234611965,2.16368675128228,0.495875487129656,0.917821640187789,0,1,1,-0.0761539393565993,0.640713498551988,2.19415121474889,0.454879391746825,0.937776363695304,0,1,1,50,48.86,355,0.49,2.97096688244969,2.61760233772787,2.67613809202973,0,6
71,0.437554007134642,0.761394265178394,2.00925893561503,0.238652697978798,0.690657481758629,0,1,1,-0.0623185987236136,0.625813557624912,2.15135725641743,0.494799225452294,0.956382074080897,0,1,1,-0.0853692559031743,0.634501662394355,2.16041623011324,0.471279162316595,0.846854696443052,0,1,1,50,48.88,350,0.46,2.93677067148025,2.5858327425464,2.63786233226952,0,6
72,0.438382030896149,0.765415467515768,1.99520255340329,0.232335801325689,0.730265659292002,0,1,1,-0.0542623078653873,0.632463064157053,2.17293605359556,0.478646965528982,0.741236702123075,0,1,1,-0.0958124172309093,0.637397379021977,2.17744901438154,0.462384533461833,0.899147431932844,0,1,1,50,48.9,348,0.46,2.83032151381038,2.48706049291934,2.54457160801564,0,6
73,0.438382775221921,0.759485979888812,2.03620293000257,0.233836188655181,0.740245212692048,0,1,1,-0.0740789660413457,0.622091721203374,2.18580864095341,0.501449729741898,0.808954658078431,0,1,1,-0.102811928119914,0.633544937342406,2.19919767973198,0.468724088463428,0.928941746633642,0,1,1,50,48.92,347,0.44,2.79048282858669,2.45292116280128,2.50873442592872,0,6
74,0.437267421525138,0.766824121219557,1.99627751280934,0.227692067841277,0.702119787549577,0,1,1,-0.0857430744981187,0.607459603936338,2.13561328540442,0.540136598190357,0.884761275850811,0,1,1,-0.121650194785746,0.61708587367018,2.17922621265361,0.509873747960659,0.928790547309851,0,1,1,50,48.94,344,0.44,2.72875912856943,2.40233840151852,2.45146935002318,0,6
75,0.438939187921899,0.76492366061867,2.00531284763764,0.22877754963991,0.724177946375804,0,1,1,-0.0867820329011872,0.619317759556073,2.10221112424957,0.516147433896909,0.928509947349558,0,1,1,-0.108163778995359,0.63031036482364,2.13528949839513,0.484704279952251,0.828464236467096,0,1,1,50,48.96,341,0.42,2.68989547891626,2.37322013111249,2.41585503662978,0,6
76,0.423691231517723,0.756715853197125,2.02247062924437,0.23854360966227,0.753760257758474,0,1,1,-0.0829062125810865,0.609770970023659,2.1115695312586,0.539546762661022,0.763184381530836,0,1,1,-0.106831940599823,0.619724594390253,2.12910373900216,0.505101659291805,0.940004287078704,0,1,1,50,48.98,339,0.42,2.64599594880596,2.33642512147033,2.37758054832739,0,6
77,0.42267936682636,0.757002271006813,2.01889209672093,0.23933177614012,0.752538022429747,0,1,1,-0.0699321461104527,0.620108891121281,2.14705818563224,0.510979979136436,0.876757588590518,0,1,1,-0.114011150519606,0.62240147384669,2.15887804753069,0.501197709203014,0.861766914731892,0,1,1,50,49,337,0.41,2.59976653974539,2.299608585133,2.33325745367463,0,6
78,0.437791123348804,0.768698593281574,2.00145745288443,0.222224290863951,0.751835753707155,0,1,1,-0.0753374563050887,0.617245849021665,2.12190766171655,0.518729794418303,0.502531058149409,0,1,1,-0.113826587699665,0.626754913758524,2.16342921226991,0.486250742855669,0.931470256860061,0,1,1,50,49.02,334,0.4,2.55994879097833,2.26654757833909,2.28365067101413,0,6
79,0.440983764733202,0.776264923693158,1.9171043450762,0.224614973723723,0.674590105991391,0,1,1,-0.0785787848760945,0.62977844394342,2.10741044496084,0.492827662000131,0.934416282614094,0,1,1,-0.101614019670643,0.638944974058834,2.1355866462362,0.465926701804001,0.935971950938926,0,1,1,50,49.04,331,0.38,2.50664559273936,2.22067264119651,2.24739162073796,0,6
80,0.424676444890766,0.754375377187689,2.00151540808206,0.246090348622799,0.749913053338693,0,1,1,-0.089862841951794,0.614507288056436,2.13082382836986,0.525935965789786,0.921084851797662,0,1,1,-0.121367792735885,0.622540963195378,2.15523369650717,0.499592221093468,0.830253519286086,0,1,1,50,49.06,329,0.37,2.46331713728322,2.18343915508656,2.2062945926065,0,6
81,0.439458814650683,0.780822987428749,1.91782431548951,0.212954736216709,0.728866518129647,0,1,1,-0.0744064961128097,0.634590245078753,2.07242507444048,0.48153238532801,0.936165887826329,0,1,1,-0.103958338616342,0.64371604397868,2.09942777462432,0.457803212573302,0.863422526044394,0,1,1,50,49.08,326,0.35,2.4026854252776,2.13291235013362,2.1489384657374,0,6
82,0.449484305378732,0.784855429629862,1.93682460638267,0.201557880819037,0.752877686796612,0,1,1,-0.0554184679600292,0.647031419845748,2.068884558497,0.458280894856256,0.891462472012259,0,1,1,-0.0763720414997055,0.658197854274995,2.08328081844162,0.42717101066031,0.921609968994537,0,1,1,50,49.1,322,0.34,2.35656283788377,2.08999693810311,2.10647847275885,0,6
83,0.431457719479566,0.773191890763449,1.94286971335477,0.219309738439636,0.772904391050085,0,1,1,-0.0732402974474138,0.623247117482082,2.1124153533973,0.507081022903432,0.744283154078231,0,1,1,-0.110589060742012,0.636934561343168,2.1446706089644,0.466215979344217,0.904143051887315,0,1,1,50,49.12,318,0.33,2.3006722478192,2.03949271391244,2.05534536889771,0,6
84,0.426682613072583,0.774545341884314,1.9256289344115,0.22016361050208,0.782828506255394,0,1,1,-0.0669529623142197,0.640762763994259,2.04695046901027,0.476818227792766,0.906540106416562,0,1,1,-0.0846097025293079,0.654124911693137,2.07902177292064,0.441856227556949,0.885632542411899,0,1,1,50,49.14,315,0.33,2.23879283358502,1.98648106083662,2.00276553347061,0,6
85,0.435064593073813,0.77825856862684,1.92652380718254,0.21002064784424,0.794762323671532,0,1,1,-0.0948135102791458,0.635307870193896,2.05167062117568,0.489125440550265,0.844105469392774,0,1,1,-0.100410926879097,0.65072816481643,2.08943849482656,0.442158867307983,0.935483155772506,0,1,1,50,49.17,311,0.31,2.18437123304954,1.94042113347262,1.95115665726682,0,6
86,0.432832814345134,0.777629164204175,1.92557891073999,0.211226423125226,0.795898261605205,0,1,1,-0.0639654091932222,0.644396329518507,2.07034216223681,0.465725173487368,0.919994309211153,0,1,1,-0.106059580886142,0.647903384647282,2.08097537734478,0.452683721906513,0.895384264453011,0,1,1,50,49.18,305,0.3,2.1323765222586,1.89806552238207,1.90065110579561,0,6
87,0.427421316458926,0.782938210516426,1.89378895069754,0.206025912426542,0.813993520011352,0,1,1,-0.0984122630483263,0.6413216356267,2.03476156004225,0.477486166539191,0.877826839232714,0,1,1,-0.0974081665179496,0.6564695069914,2.06375900522515,0.435037135032585,0.905616827100354,0,1,1,50,49.2,297,0.27,2.05674147711963,1.82910216081615,1.82720334449498,0,6
88,0.411063935010531,0.77084361124815,1.90686583084293,0.221493323031601,0.824647662177414,0,1,1,-0.0845704478381845,0.631169683657755,2.03711049447031,0.499240293782649,0.847270416050426,0,1,1,-0.122358614934336,0.641741429543208,2.06571139949444,0.468368333930809,0.934423120514803,0,1,1,50,49.22,290,0.25,1.97869516832373,1.76066923004517,1.75169539462887,0,6
89,0.42887831519048,0.787203224384407,1.86357764335876,0.199603602426316,0.829077123009103,0,1,1,-0.105683687688941,0.627541543250163,2.00334945950877,0.510689194812449,0.88033308547719,0,1,1,-0.147546414128617,0.636480517331365,2.03606242694691,0.483403839438254,0.859353839125016,0,1,1,50,49.24,285,0.24,1.92239605258083,1.71023846242172,1.69568714402665,0,6
90,0.419111496655449,0.77994602773488,1.86331111116419,0.209049301019622,0.834057795540358,0,1,1,-0.116324463253638,0.631464619037395,1.98133143961248,0.505520863768642,0.848310832228598,0,1,1,-0.124743024885496,0.642425799820121,2.00478402354802,0.47385709116129,0.907760320647761,0,1,1,50,49.26,279,0.24,1.86726610499132,1.66396274221867,1.64437443158614,0,6
91,0.420761945179673,0.787786163323828,1.84265486335937,0.196373125784055,0.884171492339782,0,1,1,-0.124777292135615,0.642929702066376,1.91129635498615,0.485066957033947,0.79415484313745,0,1,1,-0.13515928561905,0.656426414598923,1.93583308720475,0.446649583580379,0.882984596478749,0,1,1,50,49.28,272,0.22,1.80583063408139,1.613164088868,1.58748017990044,0,6
92,0.43288102363152,0.801192173954846,1.77299490521692,0.181695228225882,0.876597811414727,0,1,1,-0.0850968160532957,0.670771790021599,1.91646319726269,0.423161871132439,0.760256030792008,0,1,1,-0.115183024413701,0.677048070412999,1.92521826572353,0.405158888481315,0.77984798571251,0,1,1,50,49.3,264,0.21,1.73622674802943,1.55592621139737,1.5263555998219,0,6
93,0.419173645566275,0.793285630424091,1.79690621051879,0.189920525906431,0.915468421088814,0,1,1,-0.117177404957628,0.642524865712303,1.93370802514478,0.4826694793296,0.856611806606325,0,1,1,-0.149225095024846,0.652562613382754,1.96575435582399,0.449942453672509,0.838791774501697,0,1,1,50,49.32,255,0.21,1.66346674482803,1.49336977619477,1.46068204783167,0,6
94,0.390384834782177,0.786447929282602,1.79411379884094,0.196791117879,0.923032905820198,0,1,1,-0.156350831755662,0.633617193836172,1.85840530372864,0.511348993952196,0.701158387358788,0,1,1,-0.168534917502475,0.645177940075873,1.89174119509703,0.473978126027399,0.821802856047602,0,1,1,50,49.34,241,0.18,1.55385949216134,1.39707633600071,1.36464257713566,0,6
95,0.409348724602147,0.802400783143165,1.72333508498329,0.176238477218702,0.943613213320977,0,1,1,-0.138585050782461,0.661183253550554,1.83919232143356,0.452418612770464,0.765258175198667,0,1,1,-0.152232421121998,0.675164740196608,1.85980306139645,0.414947635910304,0.866295702311363,0,1,1,50,49.36,230,0.16,1.47044818344599,1.32618518177078,1.29143121720995,0,6
96,0.424270430089446,0.816686539372458,1.64186653556649,0.160369699797917,0.944032830334379,0,1,1,-0.158110629452462,0.652256154036814,1.79307616846734,0.476036416183816,0.779260811815537,0,1,1,-0.18108145813822,0.661139540111336,1.8292908303084,0.446887554133481,0.645089930743514,0,1,1,50,49.38,216,0.13,1.37508754223585,1.24209332859451,1.21093713808149,0,6
97,0.417378719690246,0.748783227255709,2.04476815686077,0.256278414669519,0.699998081468303,0,1,1,-0.0867305304850294,0.595734540688669,2.13510014208374,0.56967757351391,0.921480632424109,0,1,1,-0.108196398349635,0.608427943878606,2.17740762298749,0.532053991172753,0.964517181075355,0,1,1,52.5,51.33,357,0.48,2.99572543596685,2.62731813103415,2.68688919265166,0,6
98,0.43155511311604,0.755423943917327,2.02945253974076,0.246535459353946,0.680483350484627,0,1,1,-0.0756537832026897,0.601981723834865,2.15765326350979,0.551091034358767,0.915767801991994,0,1,1,-0.117032068247742,0.609102426664068,2.18095051033748,0.531406632676771,0.797373012637679,0,1,1,52.5,51.35,355,0.48,2.96216536436275,2.60212558871735,2.65317393572941,0,6
99,0.413202439660093,0.749906261717286,2.02860966311487,0.253950835405059,0.716080725415227,0,1,1,-0.0769268975777968,0.601786101148208,2.16086911389949,0.550708041402607,0.771127760404354,0,1,1,-0.119085168179111,0.608687183482665,2.17845936047666,0.531503654901421,0.803374516330761,0,1,1,52.5,51.37,354,0.47,2.92205975607021,2.56545083884757,2.61749831563439,0,6
100,0.427603068376858,0.751472886858242,2.04791956646488,0.248031071702428,0.708540934275497,0,1,1,-0.0651432416833033,0.622029807668384,2.17201112429136,0.503213944445266,0.916048800321157,0,1,1,-0.103465818850967,0.634075201318877,2.19942549164501,0.467857244831716,0.937193019959617,0,1,1,52.5,51.39,352,0.47,2.90848508513754,2.56170959726651,2.60225590921912,0,6
101,0.430061602647391,0.773838082119697,1.93122619528475,0.228433486160485,0.678888520985462,0,1,1,-0.0622045424892624,0.618804222720015,2.1281657508748,0.514414996951343,0.797456819043353,0,1,1,-0.103161981445602,0.626448662532106,2.14773346775808,0.4949852869359,0.834088025379414,0,1,1,52.5,51.41,350,0.47,2.84173647934787,2.49948650381482,2.54275693330325,0,6
102,0.424216624419479,0.752649325626204,2.03512346775913,0.246544462800123,0.728937264423602,0,1,1,-0.0592376430001362,0.606656232179474,2.15591620333402,0.539779838026191,0.926191734888297,0,1,1,-0.0925057894070518,0.619080047050083,2.18703268823211,0.503674776227067,0.918567712172174,0,1,1,52.5,51.43,348,0.45,2.83566234632896,2.50317088184707,2.53865443482901,0,6
103,0.429904380419948,0.766271781275383,1.97743146885812,0.235102639038063,0.686209852447881,0,1,1,-0.0756310439299045,0.622688269798374,2.10157985818484,0.50500725382555,0.912002611329463,0,1,1,-0.111900849846323,0.630215029368021,2.12326578244373,0.487926451861034,0.939482932523517,0,1,1,52.5,51.45,346,0.42,2.79167342539716,2.47070610826162,2.49839524430081,0,6
104,0.412698609078882,0.74563431110846,2.03674868569101,0.258111044315875,0.729415228917447,0,1,1,-0.078328754560099,0.609629710913591,2.15646110807387,0.533051300949308,0.909815246108392,0,1,1,-0.107803536952644,0.620355091254234,2.1876664600195,0.503512151593821,0.924167589288068,0,1,1,52.5,51.47,343,0.42,2.69367657300208,2.38533649820783,2.40931611022975,0,6
105,0.41902715448249,0.759278381825913,1.99533416245166,0.24231980229882,0.71774950475323,0,1,1,-0.0747463961126033,0.626605677047434,2.1092666693764,0.498402536049657,0.909799746931969,0,1,1,-0.0985422722374727,0.631297189464913,2.11777713612172,0.485659429950032,0.935833914187696,0,1,1,52.5,51.49,340,0.41,2.65098060695209,2.34841499638159,2.37320002246627,0,6
106,0.402176337686908,0.757770940999955,1.97231697254765,0.242543556669372,0.757899440803801,0,1,1,-0.0847843937913875,0.611628276798493,2.08654637151175,0.536594391721754,0.840581384189383,0,1,1,-0.128889010002268,0.617634706129407,2.10602205514567,0.519861990334992,0.906282862212046,0,1,1,52.5,51.51,338,0.39,2.60128996354814,2.30870919422513,2.32486366064711,0,6
107,0.42602505640031,0.77514572739675,1.94472530597854,0.217471044881635,0.736232284014798,0,1,1,-0.0763762161352576,0.626268193091009,2.09423523131116,0.503133328272409,0.842232576375384,0,1,1,-0.119114672407276,0.634501662394356,2.11725795096063,0.479905302782352,0.935049018204414,0,1,1,52.5,51.53,336,0.39,2.55166187437007,2.26286017732574,2.28102400843535,0,6
108,0.396934210975371,0.755321238122573,1.98680969929888,0.242312019436179,0.781068661074586,0,1,1,-0.0791434062433457,0.619686190912922,2.08340939991559,0.51635293709577,0.843549673407166,0,1,1,-0.127311691799589,0.625703916906519,2.09986169705877,0.500785051372738,0.925348772086108,0,1,1,52.5,51.55,333,0.38,2.50669029266572,2.22662991244785,2.23877329016739,0,6
109,0.416221695043852,0.774821403666455,1.90129646581371,0.222442569703549,0.7452353884195,0,1,1,-0.0801084091397189,0.628946640167048,2.04920368758483,0.499954914996208,0.743828820329279,0,1,1,-0.112139277038595,0.633705529714452,2.06249494020338,0.483038227822983,0.88568840339349,0,1,1,52.5,51.57,330,0.37,2.45481210053998,2.18378599428447,2.19433100468334,0,6
110,0.439823057460737,0.77680763135817,1.9359345496044,0.21652402918088,0.73869810867203,0,1,1,-0.0680165712333803,0.630684039909686,2.08103972507982,0.493077816242204,0.740773448929091,0,1,1,-0.117977279970926,0.64095168506198,2.11302495862004,0.463157390318525,0.931627068172674,0,1,1,52.5,51.59,326,0.34,2.40586942505697,2.13911351232471,2.14702848098009,0,6
111,0.408436602778348,0.75763315402682,1.99315045981647,0.23864278378629,0.784218298504688,0,1,1,-0.0795247760583362,0.611688136920273,2.12253110238206,0.533536893850754,0.772708412659592,0,1,1,-0.122474246331611,0.62369803036162,2.14683125677569,0.499903585599125,0.946789005222482,0,1,1,52.5,51.61,322,0.34,2.3443482122932,2.08304588354299,2.10519182081105,0,6
112,0.422886972799206,0.775831303241423,1.91247090633959,0.220912569019245,0.740847740632723,0,1,1,-0.0749447180938009,0.626456511388979,2.07302641098918,0.506834955769891,0.729602322892478,0,1,1,-0.115533263724498,0.638667484161047,2.12349751979772,0.46859462469818,0.912181017379629,0,1,1,52.5,51.63,318,0.32,2.28414672487528,2.03283110290439,2.04864015905586,0,6
113,0.419600382528634,0.763218952253023,1.97798405437173,0.230687276612505,0.782020810092675,0,1,1,-0.0792691580849186,0.618322121092205,2.08669200080665,0.521161987368994,0.790018461127855,0,1,1,-0.110679244239494,0.630016506432468,2.11005323046833,0.488003097607452,0.911589700949427,0,1,1,52.5,51.65,314,0.32,2.23010730805679,1.98400690480484,1.99840682729085,0,6
114,0.409530843026423,0.756120797858666,1.99304999835699,0.241988444217805,0.784482868797399,0,1,1,-0.101330842921135,0.625250100040016,2.04225879778455,0.506521300929296,0.92011065071949,0,1,1,-0.126455564726992,0.630994447248864,2.06473594025553,0.492521534274669,0.939003214496331,0,1,1,52.5,51.67,312,0.3,2.17651336248063,1.93610101284615,1.94336189577754,0,6
115,0.395339524431697,0.7576446343607,1.96245143455027,0.239272346754,0.80884201228067,0,1,1,-0.117564377554562,0.610992985800523,2.04922641491643,0.545304062756751,0.897057763160985,0,1,1,-0.128904434977844,0.623768058085281,2.07340257045152,0.505316362618398,0.923646834053812,0,1,1,52.5,51.69,301,0.28,2.12480164021918,1.89269950913119,1.8915774184226,0,6
116,0.401589331794562,0.763965285417431,1.92237582861109,0.233768529828385,0.815192133412469,0,1,1,-0.0809090476317966,0.629873647346342,2.03183520203718,0.502209445506317,0.739995659285389,0,1,1,-0.119183765246838,0.639222705190488,2.05548859405363,0.478580141416121,0.902176838475839,0,1,1,52.5,51.71,296,0.28,2.01543918077437,1.78602998267196,1.7862656836237,0,6
117,0.391873338051407,0.758483639507896,1.94744200741837,0.239290333422617,0.828380765025053,0,1,1,-0.111254287260071,0.615884903429247,1.97514344761023,0.540602764022924,0.906803983148623,0,1,1,-0.155438087160659,0.6259310724703,2.00319683551767,0.509502038452747,0.878622867340384,0,1,1,52.5,51.73,291,0.27,1.97287264750451,1.75248455220523,1.74586584592459,0,6
118,0.394188253090873,0.766612492717182,1.90213183429192,0.228457297250477,0.824673630876527,0,1,1,-0.0956800246757252,0.634703022455792,1.98361914119092,0.494792113799095,0.795211489567584,0,1,1,-0.139335194166949,0.644313290894565,2.0081079637602,0.471657327641479,0.918733114338317,0,1,1,52.5,51.75,291,0.27,1.89579202423325,1.68942784821832,1.67418765468766,0,6
119,0.394468817817149,0.768084550747346,1.88110991852633,0.227578465282638,0.85934420356098,0,1,1,-0.127943264708637,0.627077193202483,1.96958630528709,0.514149943618942,0.870727472387161,0,1,1,-0.152678489976162,0.628717290982937,1.99502291771911,0.508254366952251,0.887769944295893,0,1,1,52.5,51.77,276,0.23,1.8326877964921,1.63591391338352,1.61432341598904,0,6
120,0.396370822825091,0.787922720539569,1.78390672459499,0.204764199559929,0.859108887640385,0,1,1,-0.131114023471265,0.633312222925902,1.9418776427048,0.504653400788942,0.912690000094346,0,1,1,-0.142616640123066,0.648929266709929,1.98119678244248,0.460108260902977,0.912359070534269,0,1,1,52.5,51.79,269,0.22,1.7465247366975,1.56145100188055,1.5371680384018,0,6
121,0.399483839326339,0.785916378497328,1.81913769517672,0.198743939864373,0.912982236947373,0,1,1,-0.114852431455968,0.634139536063516,1.93227181564589,0.501330851711953,0.806744338669664,0,1,1,-0.152015994060334,0.644637262612328,1.95317807449322,0.47088430804405,0.872086026690876,0,1,1,52.5,51.81,260,0.2,1.69358942354022,1.51999237942522,1.49129234858859,0,6
122,0.398547921488234,0.786237695380067,1.79121997342466,0.201472994064708,0.910534042936687,0,1,1,-0.133951154640996,0.631759830182958,1.90365961950484,0.511666382268652,0.833491633129204,0,1,1,-0.175422477948842,0.637283642203472,1.93031220355569,0.493345521125648,0.590453362885843,0,1,1,52.5,51.83,251,0.18,1.62225942954819,1.45829858844283,1.42723295867933,0,6
123,0.380547747898449,0.779897365506699,1.80301877873694,0.207279865668328,0.907539300642336,0,1,1,-0.115975867285158,0.670214334544187,1.83377064086103,0.436298350592582,0.769522073819522,0,1,1,-0.159051969674457,0.654664484451718,1.88665040673459,0.456445228341887,0.734413923764347,0,1,1,52.5,51.85,239,0.17,1.53149744503255,1.38057691660067,1.34972029984668,0,6
124,0.444928684584066,0.837703352488817,1.57083140713844,0.143993821060156,0.928709007522884,0,1,1,-0.14747860359558,0.653108141646094,1.81730005108175,0.470953465212737,0.703854198200801,0,1,1,-0.179437814365335,0.661655727291976,1.85171414785023,0.444651251589842,0.729695339087768,0,1,1,52.5,51.87,227,0.16,1.44922696282662,1.31187763759329,1.27943657179694,0,6
125,0.403687914556742,0.811556565492615,1.63597735060868,0.170917920196555,0.956633528483121,0,1,1,-0.0852460951400858,0.73552126391974,1.63526014886166,0.327343216813467,0.805004692875175,0,1,1,-0.155159288653053,0.685983975414334,1.78842106271115,0.400460225412875,0.638167437816945,0,1,1,52.5,51.89,213,0.13,1.3453620045048,1.22110425025124,1.18760266834427,0,6
126,0.409859947349927,0.759555204472261,1.97488259707057,0.249271116748754,0.651544201415308,0,1,1,-0.106786789648433,0.622517710628867,2.14127560215955,0.50404284278287,0.755020874082171,0,1,1,-0.138324331073029,0.625868392394447,2.15937249275753,0.493632410551423,0.927223307457845,0,1,1,55,53.79,362,0.51,3.13033731355311,2.75362078621997,2.81554643984113,0,6
127,0.390959655327551,0.744235893008648,2.02583789284083,0.264107035465485,0.71629645054391,0,1,1,-0.110229211980979,0.622571969319653,2.17757291838002,0.503900973284084,0.775097537158828,0,1,1,-0.13707023073477,0.636359008298121,2.20159470341244,0.469263705374284,0.814363069176878,0,1,1,55,53.81,360,0.5,3.08289737797559,2.7155807088516,2.77314315941961,0,6
128,0.398913217556098,0.75007500750075,2.02875503602646,0.251660886168487,0.728282025836064,0,1,1,-0.112526742244206,0.615354321018043,2.16460363143427,0.518303637484762,0.722550906160588,0,1,1,-0.149716343765811,0.622494459799308,2.18851801462266,0.499801358894019,0.931920738020353,0,1,1,55,53.83,358,0.5,3.03743538583902,2.68160010557872,2.7288507156756,0,6
129,0.401177997316579,0.754341233800522,2.00339004622864,0.25031724647742,0.708729355780599,0,1,1,-0.116297341656763,0.624352234556647,2.14823677272869,0.501538334060996,0.931893327973552,0,1,1,-0.130850937601071,0.638765394246001,2.19087483009843,0.466458040625435,0.947148776861588,0,1,1,55,53.85,356,0.48,2.99846787618765,2.65185761171397,2.69217224476869,0,6
130,0.401782400469774,0.751032669921142,2.01936196754327,0.251938036071605,0.717334229328653,0,1,1,-0.106791827492253,0.629619835543299,2.15327709840768,0.488200401385889,0.942987682232091,0,1,1,-0.139764072210178,0.636910221135228,2.16972433922019,0.469225795621744,0.933991169850234,0,1,1,55,53.87,355,0.48,2.98153090117702,2.63718706564656,2.67272817512249,0,6
131,0.391976301724555,0.74150971377725,2.03503445996683,0.266593212031471,0.71917176667693,0,1,1,-0.146604329931906,0.6022500060225,2.15575021888845,0.552796096818918,0.796183759497425,0,1,1,-0.16243250412899,0.614114814905795,2.17345860071524,0.520273813485725,0.836335869177308,0,1,1,55,53.89,353,0.47,2.93470047490095,2.59753778272414,2.63017194928449,0,6
132,0.413640669853603,0.762986022096076,2.0010917265348,0.233066715972713,0.738992057932922,0,1,1,-0.112553480163022,0.634686908947816,2.1459807982112,0.479002357049069,0.919971981578275,0,1,1,-0.145366744539164,0.645053087869131,2.1669952360286,0.451058822536967,0.938969810560444,0,1,1,55,53.91,352,0.46,2.89628106790948,2.56713373734422,2.59652432683058,0,6
133,0.403896385766328,0.755572346052135,1.99745935317515,0.247244229623922,0.736198824185088,0,1,1,-0.139620210316217,0.622200099552015,2.13183588603301,0.51052673219209,0.946963658575734,0,1,1,-0.150554648544502,0.633721593429575,2.1511998401099,0.478528589909141,0.925384359765046,0,1,1,55,53.93,349,0.45,2.84519244488794,2.52286133476981,2.55042030433439,0,6
134,0.428932449000339,0.768958676160742,1.97393286128845,0.23091701402824,0.709642522260902,0,1,1,-0.120539240697037,0.640541129145902,2.1507598208918,0.467026626575403,0.874811484606341,0,1,1,-0.144300509058453,0.648188960045633,2.17464261996034,0.448410065410508,0.811830971180156,0,1,1,55,53.97,346,0.43,2.76276689287672,2.45142707081578,2.47459474948107,0,6
135,0.416621314437496,0.765450620780454,1.97687800996578,0.233133952756377,0.740245743698298,0,1,1,-0.157678023598799,0.611344101140768,2.1494214388751,0.533256315981301,0.917478652607378,0,1,1,-0.183574425341938,0.616348014743045,2.17229380534195,0.519088152711635,0.93709246834071,0,1,1,55,53.99,343,0.42,2.71755787323091,2.41156362196288,2.4348369249875,0,6
136,0.383064090668437,0.74744001793856,2.00513153165865,0.25662836977397,0.772829513031556,0,1,1,-0.146239748909484,0.614092187519191,2.12297509800264,0.525809339424395,0.954944949087478,0,1,1,-0.17728581367033,0.622680515081322,2.14863797409302,0.50475234090303,0.784828811558113,0,1,1,55,54.01,341,0.41,2.67638836894204,2.37312076024005,2.39768436382771,0,6
137,0.404827281672241,0.764000305600122,1.9422554279193,0.240097738739447,0.722174325118639,0,1,1,-0.156046928368554,0.619524948269667,2.08048234808862,0.518127453422822,0.911615681603134,0,1,1,-0.170782392709663,0.625970253893535,2.12181443443206,0.499738578889882,0.900005204316371,0,1,1,55,54.03,339,0.41,2.63259882021853,2.33609835165608,2.35725337954711,0,6
138,0.415343611975178,0.768864080207901,1.96903289860167,0.225095970473078,0.760576554640528,0,1,1,-0.143359347700575,0.634936760298674,2.08466306473067,0.487035062398684,0.762363086896241,0,1,1,-0.167992438420941,0.647039792947266,2.1116241030765,0.454100933501023,0.889855724004923,0,1,1,55,54.05,337,0.39,2.58912612712308,2.29763823703624,2.31513394979723,0,6
139,0.412876175664764,0.759797589922045,1.97865597368727,0.243002293749053,0.726689360549351,0,1,1,-0.1519615388368,0.628899174884282,2.12643090123285,0.496752035473987,0.756883122973476,0,1,1,-0.164553698829982,0.646228609833015,2.14979339272842,0.454627284562698,0.931263865931849,0,1,1,55,54.07,333,0.38,2.52451659740682,2.24368534252487,2.25808253208825,0,6
140,0.395791339683653,0.765310027091975,1.9337907954205,0.237533301004774,0.751628530006876,0,1,1,-0.153691211043312,0.624305460175554,2.08418556850298,0.508220391075364,0.920604268246254,0,1,1,-0.15575911667369,0.63500933463722,2.11392881256517,0.478072999667428,0.829370974939834,0,1,1,55,54.09,330,0.37,2.48036350277735,2.20411872994205,2.21502141164284,0,6
141,0.394720679934848,0.755321238122573,1.97897798131882,0.244771972261124,0.77920213637104,0,1,1,-0.162832002059126,0.611688136920273,2.08549073013354,0.538305060700199,0.912150158054338,0,1,1,-0.182599503201153,0.620239660604857,2.10864488020703,0.513799618998361,0.914648669974369,0,1,1,55,54.11,328,0.36,2.42932304551415,2.16333840975688,2.16600440350663,0,6
142,0.390279493177018,0.761371077035525,1.96166691791535,0.236951122365857,0.787766918757611,0,1,1,-0.134835603848764,0.641050296806288,2.10627436956498,0.471129045447172,0.891543982743502,0,1,1,-0.162296482450585,0.648130144533022,2.11980504300591,0.450547815210667,0.869840409846079,0,1,1,55,54.13,324,0.34,2.38277309646772,2.11736463508911,2.12145359549616,0,6
143,0.3974565323399,0.768887727014101,1.92866911178683,0.225692116464529,0.793759922012587,0,1,1,-0.153676993462162,0.641346314182733,2.07138470181174,0.473129176171476,0.906415668234415,0,1,1,-0.18507026782979,0.650931482952104,2.08334190448659,0.448644534309384,0.931603475140804,0,1,1,55,54.15,319,0.33,2.30350875100993,2.04380718556892,2.04678407695411,0,6
144,0.421956645378188,0.774569339447267,1.89868043645353,0.225007951926098,0.743986710220828,0,1,1,-0.155970597925826,0.630008568116527,2.08700393786526,0.497638043001401,0.817971987742179,0,1,1,-0.17466314684267,0.638985801735486,2.12210047508112,0.471898577142651,0.848860900623666,0,1,1,55,54.17,315,0.32,2.24878455120651,1.99550210244394,1.99468903305919,0,6
145,0.397719680783946,0.773335395561055,1.91529734600229,0.219663976923959,0.816331472194173,0,1,1,-0.1398012568786,0.654467394434409,2.03508123809057,0.451655211415245,0.936033648365076,0,1,1,-0.159676506631654,0.66436353972894,2.03756497114471,0.424784322243774,0.88318510213093,0,1,1,55,54.19,310,0.31,2.19941009511385,1.9530702580657,1.94658179852504,0,6
146,0.374960218886219,0.759624441676035,1.91698115455092,0.241828985648046,0.80014178190182,0,1,1,-0.167069779088995,0.632399069108571,2.05488330328276,0.494615424043011,0.922357248196703,0,1,1,-0.200487231395121,0.635130328743458,2.06825323996676,0.485912429376483,0.851000358944849,0,1,1,55,54.21,304,0.29,2.12211170337183,1.88411326476135,1.87062112487843,0,6
147,0.400793363272034,0.776361349626571,1.87537525967018,0.216122354021476,0.820998761215796,0,1,1,-0.198646450733967,0.625790059950688,2.01440723758704,0.514332156939388,0.789339018709239,0,1,1,-0.205560497745411,0.634993205572701,2.05305772787262,0.486399659642021,0.895860566170555,0,1,1,55,54.23,296,0.27,2.04443170469147,1.81707765265967,1.79802386417956,0,6
148,0.379786495414002,0.778986071729038,1.82392911570406,0.218820868475341,0.843974497061957,0,1,1,-0.164457095856598,0.650795923414336,2.01006609763793,0.460426888518281,0.895870656669999,0,1,1,-0.184681041506645,0.655127684385687,2.01330229561594,0.450858024736753,0.852981034735424,0,1,1,55,54.25,291,0.26,1.9663705937857,1.74814806663536,1.7261817466874,0,6
149,0.402423056818824,0.788407259654047,1.83407434669653,0.199738825386613,0.867125333751334,0,1,1,-0.150720059608004,0.660301361541407,1.9627444384838,0.444207736899238,0.850923907460681,0,1,1,-0.166748003572764,0.671176975945017,1.97842472308015,0.415716234415749,0.806831934976378,0,1,1,55,54.27,284,0.24,1.89635543856503,1.68554345477272,1.6600078594836,0,6
150,0.377530393001074,0.773431095023745,1.85651969251852,0.220126746344123,0.856407158917807,0,1,1,-0.180709774524972,0.630167372454124,1.99782656910651,0.506632997084552,0.910092885010684,0,1,1,-0.203608043348167,0.638577759613788,2.03435816042177,0.480163821753606,0.873666570786966,0,1,1,55,54.29,272,0.22,1.85719904998649,1.65880209502056,1.62635043111387,0,6
151,0.41155733607472,0.798939008996053,1.74023232400013,0.192188607566186,0.877866332122306,0,1,1,-0.197836587847916,0.651406386388212,1.95465874677232,0.46105880068372,0.765087058855509,0,1,1,-0.214698352870337,0.656926634433467,1.98003551933356,0.446533354425113,0.570522444407647,0,1,1,55,54.31,267,0.21,1.7615787033495,1.56922139342287,1.54122660026419,0,6
152,0.366758011974029,0.774497351219059,1.82109500993994,0.216094563865492,0.909221791665637,0,1,1,-0.194366517506593,0.643128175445366,1.90689603026024,0.484838569383639,0.560217420666751,0,1,1,-0.213446443976096,0.648920844635372,1.91667280691187,0.470716786993627,0.88935065882712,0,1,1,55,54.33,259,0.2,1.69410120654482,1.51632724706405,1.48006552101346,0,6
153,0.372349405598909,0.786163522012579,1.76261362712057,0.202086482455876,0.906248184349919,0,1,1,-0.232842584772121,0.636585862701161,1.83613586112707,0.507044618080017,0.902785241447917,0,1,1,-0.216133143720085,0.645986485962714,1.86132980656125,0.481972430713833,0.892177403103227,0,1,1,55,54.35,248,0.18,1.59690777092661,1.43491051491108,1.39642416054681,0,6
154,0.367364688796971,0.777568698194486,1.79600659464414,0.211321597076997,0.937175722088275,0,1,1,-0.204909381340268,0.645944758804227,1.86936519872933,0.481571795996424,0.71117170560369,0,1,1,-0.206533925253692,0.653731499398567,1.88284329917882,0.464760947798003,0.839745097252352,0,1,1,55,54.37,237,0.16,1.52848018929406,1.37729228963642,1.33836473991194,0,6
155,0.373134759136356,0.794495733557911,1.72196706620561,0.189137688722548,0.943633034925323,0,1,1,-0.21107314497373,0.644703758622913,1.80766583403028,0.491755107741374,0.888197175369473,0,1,1,-0.189503054972015,0.657938022238305,1.84416738669024,0.454954874329385,0.787256953081687,0,1,1,55,54.39,223,0.15,1.42160762712619,1.28413751316562,1.24565352518927,0,6
156,0.388928529918278,0.803045147198176,1.68518449915252,0.177754587881104,0.960069273237759,0,1,1,-0.209382189287301,0.660240327479202,1.79529073991003,0.458471667514757,0.851081164893991,0,1,1,-0.199850732794271,0.666497820552127,1.81740632704811,0.436695499021124,0.631645188767896,0,1,1,55,54.41,213,0.13,1.3509132863784,1.22464414006505,1.18628006131119,0,6
157,0.402126712047076,0.743881574053411,2.03500133999962,0.266859340370748,0.686157058585086,0,1,1,-0.151530139969813,0.624640831521875,2.19087130465962,0.49353869280592,0.928556880882545,0,1,1,-0.144440324002366,0.632351081320349,2.20007419148177,0.477720775972215,0.78995337713911,0,1,1,57.5,56.44,352,0.46,2.88805000630328,2.55402814675163,2.58620742817925,0,6
158,0.387127948022912,0.748122213244756,1.99074413304332,0.2623518138396,0.725258791971287,0,1,1,-0.174487967241414,0.613218538822866,2.10555860955266,0.530290973956714,0.780960782433169,0,1,1,-0.15132584981288,0.622781341471009,2.13792374084886,0.502170748978552,0.788588032399401,0,1,1,57.5,56.46,350,0.44,2.84442571757842,2.51508646050161,2.54867099072246,0,6
159,0.415115805990342,0.760363758021838,1.97551628420889,0.247267478834386,0.690987149959066,0,1,1,-0.150895814832305,0.634880325058726,2.15552276773813,0.478243821908164,0.935780199859757,0,1,1,-0.14431197403064,0.641255835428103,2.18017355853723,0.457695011777443,0.764022794377606,0,1,1,57.5,56.48,347,0.43,2.78866758542909,2.46326346021005,2.4964456605417,0,6
160,0.378280819224194,0.747786551806652,1.98246009009228,0.263979573602491,0.728759990871351,0,1,1,-0.148632746907273,0.630032383664521,2.14677046750736,0.487415994197,0.813054409900434,0,1,1,-0.143676588073917,0.635905784199013,2.15532824213033,0.470763811994754,0.919708189255068,0,1,1,57.5,56.5,345,0.42,2.74077878858419,2.4222315346437,2.45608796117183,0,6
161,0.391457053609506,0.745968042729049,2.02429250927569,0.261389878857145,0.728511573553271,0,1,1,-0.175226537214106,0.611882763262559,2.18379510816177,0.522561382774441,0.944768741161503,0,1,1,-0.154443155356422,0.615642237982663,2.19410300396192,0.514365986784699,0.922757910794753,0,1,1,57.5,56.52,342,0.4,2.69197387528644,2.38041245775037,2.40918263553654,0,6
162,0.400481055315223,0.751653638003608,1.98617672421686,0.258407102356293,0.699489745625302,0,1,1,-0.153203302868413,0.618888476296572,2.18865900940732,0.507241947997436,0.904488970672945,0,1,1,-0.154633075888019,0.622750314488908,2.19384578755466,0.495120352797911,0.951280118922662,0,1,1,57.5,56.54,340,0.39,2.63976129700457,2.33424987822073,2.36304055878205,0,6
163,0.396284472148764,0.750435252446419,1.98594341815984,0.260407138452956,0.732493032468261,0,1,1,-0.161732220395084,0.625774395814821,2.171813091632,0.494238789176047,0.794033307308258,0,1,1,-0.153646370046983,0.633665373989304,2.18949456010161,0.472464551218391,0.825293847206282,0,1,1,57.5,56.56,338,0.38,2.59575563370641,2.2952047310959,2.32169831688574,0,6
164,0.387092020836638,0.747484713937599,2.00598621092153,0.263613871444483,0.750678530499974,0,1,1,-0.147165577987162,0.632495066538481,2.16022268527824,0.481281260262734,0.948624154408738,0,1,1,-0.144384811522845,0.636820989619818,2.16489825859023,0.469655533185191,0.833642707712501,0,1,1,57.5,56.58,337,0.38,2.56790875163646,2.27304049573672,2.297179255968,0,6
165,0.411747981415334,0.764806656877142,1.95177245631908,0.239576377363664,0.707684083609336,0,1,1,-0.151961997518709,0.636035210909276,2.15889070506183,0.471658304322038,0.934724250502881,0,1,1,-0.141397580382635,0.638887824075849,2.16558265230306,0.463004617052717,0.808272775797585,0,1,1,57.5,56.6,334,0.37,2.50162807809136,2.21150989824817,2.23047463349676,0,6
166,0.398072528072041,0.75332971735069,1.98300588686707,0.253220750156207,0.743205284080843,0,1,1,-0.131765025445152,0.638626697150448,2.14612538878233,0.467367461909884,0.80636837767993,0,1,1,-0.131939383915752,0.641757903248578,2.157632827403,0.458335879064926,0.788627153313234,0,1,1,57.5,56.62,330,0.36,2.47293543025376,2.19329140561025,2.2039407239548,0,6
167,0.375429916786604,0.744047619047619,1.9832952940108,0.266681128344699,0.781171370441706,0,1,1,-0.173611065671027,0.612872779868355,2.12337083340924,0.527723428623235,0.87772489766931,0,1,1,-0.16865708921111,0.624375624375624,2.13567466421259,0.499685422138646,0.94280179665787,0,1,1,57.5,56.64,327,0.35,2.38201214089043,2.1057742256957,2.11696635464138,0,6
168,0.406501407611006,0.765626435549567,1.95553837781641,0.23582007205973,0.742549370074643,0,1,1,-0.14692178823567,0.650626553370896,2.09972427122825,0.447504634976449,0.929597120864285,0,1,1,-0.12752566707622,0.652715951072412,2.11098612903989,0.442281183126923,0.863873222085025,0,1,1,57.5,56.66,321,0.35,2.32385187401962,2.05509780270809,2.05992363614505,0,6
169,0.38205044373926,0.74352759230895,1.99240953441106,0.266774704012322,0.783966441538455,0,1,1,-0.167868697932202,0.623301503403227,2.12635508147985,0.504673766790903,0.848148270195019,0,1,1,-0.155006713703393,0.628922906630105,2.13791019726641,0.490989935493123,0.89152889425913,0,1,1,57.5,56.68,321,0.33,2.32354646542332,2.06132630801295,2.05792934607389,0,6
170,0.396735466441585,0.760896031166302,1.95350335097036,0.24385311044059,0.759592659967613,0,1,1,-0.161406090282913,0.633809958422067,2.10905084662586,0.483094141381106,0.854851413608734,0,1,1,-0.151552572706886,0.642153526065012,2.14116078259895,0.459505113369163,0.925519527754662,0,1,1,57.5,56.7,317,0.31,2.27107719305384,2.0168198715982,2.00650938584899,0,6
171,0.396128965144669,0.763545293506811,1.90342984389392,0.247626989759638,0.725754878387645,0,1,1,-0.149630168290878,0.63381799282518,2.08814945111728,0.485913862876026,0.909486434049669,0,1,1,-0.152910815912408,0.63234308406369,2.09913588538439,0.485763924511715,0.817675938732113,0,1,1,57.5,56.72,313,0.3,2.22355901833887,1.975486015933,1.95927758774011,0,6
172,0.407846584241523,0.775879459367193,1.88965519373975,0.223462348491009,0.786811226221822,0,1,1,-0.131900539537468,0.655479811221814,2.07434842388164,0.440505746459414,0.922202448601148,0,1,1,-0.122921859912198,0.659769872268553,2.07714491795304,0.430738046520214,0.869360902941493,0,1,1,57.5,56.74,305,0.28,2.13952453701076,1.90396940657512,1.87940103095963,0,6
173,0.396138141204785,0.763801900339128,1.91241744907701,0.238288412087963,0.775095061844574,0,1,1,-0.153951196353549,0.656581573694716,2.0371081430854,0.440815357856634,0.802680420856634,0,1,1,-0.138546949419265,0.663992988234044,2.05277835680907,0.4256483822499,0.953569116688506,0,1,1,57.5,56.76,300,0.27,2.06819104531853,1.84228080008011,1.81057433268778,0,6
174,0.379440555813248,0.758828975125586,1.93598366436147,0.242992804739419,0.820708001138348,0,1,1,-0.160901145494741,0.652954619653934,2.04299586498708,0.448117519891996,0.960262400513859,0,1,1,-0.147417871890243,0.656779939313534,2.06591633047392,0.438355596934548,0.919092077836566,0,1,1,57.5,56.78,294,0.27,1.99124311962657,1.77482470461079,1.74002010776596,0,6
175,0.395642870592623,0.782117661781038,1.81771825352697,0.219983924539079,0.805684851029164,0,1,1,-0.164006089901741,0.640943468786053,2.02124369704611,0.478221527239691,0.871985450520505,0,1,1,-0.157825923332595,0.64227725824684,2.03448389108742,0.472520741481081,0.800459674423605,0,1,1,57.5,56.8,278,0.24,1.91015168312564,1.70627006299252,1.66752036210484,0,6
176,0.341834598534385,0.757679077449955,1.86120133487454,0.246803655522981,0.882516339475739,0,1,1,-0.184528555642804,0.637836458731981,1.990958969605,0.483533205613419,0.841683143902164,0,1,1,-0.164393741993168,0.642392784644243,1.98944166895576,0.475020804702417,0.913082561996879,0,1,1,57.5,56.82,271,0.22,1.7675395318136,1.57804015544268,1.53889251814121,0,6
177,0.379729130867269,0.782558339724226,1.78922122815792,0.214926894161701,0.869469913402543,0,1,1,-0.174694403229727,0.652826739783261,1.93486079129186,0.461040010649316,0.805684415866888,0,1,1,-0.159461083416434,0.654647341477147,1.94328228719324,0.452871121852402,0.703930691199435,0,1,1,57.5,56.84,260,0.2,1.69044203483802,1.51308712784377,1.47297677030245,0,6
178,0.37905503626842,0.782974991778763,1.81311876672272,0.20871480513819,0.872649930412326,0,1,1,-0.160788477675697,0.669595028926505,1.91005149741385,0.428391338297754,0.842934938280241,0,1,1,-0.158265340128067,0.666835598351582,1.93028595230316,0.42962171627142,0.908386279326004,0,1,1,57.5,56.86,250,0.19,1.62048221333684,1.45900925011423,1.41482573306217,0,6
179,0.364875421757171,0.777218180687683,1.77301971587446,0.219948631532178,0.886640823778939,0,1,1,-0.218632599591524,0.641815567878414,1.84734579673565,0.493357928578068,0.896526174508055,0,1,1,-0.184274924736224,0.651262146039024,1.86955756889234,0.467276116089916,0.587208755728734,0,1,1,57.5,56.88,241,0.17,1.51399094868074,1.36865892990499,3.13140984471926,0,6
180,0.372370196785234,0.794520983299169,1.71385328804893,0.192187063966094,0.922809910058567,0,1,1,-0.180099382034908,0.679200173875244,1.78929566344154,0.419204089428236,0.851312956553412,0,1,1,-0.143805517222035,0.685034731260875,1.79971672940005,0.404027445514521,0.712745554454516,0,1,1,57.5,56.9,229,0.15,1.41622150668883,1.28371934557294,1.24058327939515,0,6
181,0.365942463210169,0.797092207626578,1.67681539445507,0.192171662405459,0.93224106781958,0,1,1,-0.181083771887956,0.686247598133407,1.77370273511147,0.403024755623733,0.883435395231047,0,1,1,-0.163477283159859,0.697447342725624,1.77974986254233,0.379680278012293,0.893292339485582,0,1,1,57.5,56.92,215,0.13,1.34552029932546,1.22444456258278,1.18239846816454,0,6
182,0.343280415439539,0.73854152819013,1.98195397671183,0.282376203805892,0.742829758137052,0,1,1,-0.14289939293277,0.635477434196312,2.16503658216436,0.471003552662243,0.916970037343318,0,1,1,-0.0945820875438698,0.637860869787082,2.14349078261024,0.470107595981894,0.735348719226576,0,1,1,60,58.88,360,0.48,3.08855814927009,2.75243480712015,2.7632942920611,0,6
183,0.358897970166178,0.72811999417504,2.0309574943339,0.294687316400772,0.712184725695083,0,1,1,-0.178458471605737,0.619294747141955,2.16317334046542,0.507628004833291,0.83615659475655,0,1,1,-0.13453529630786,0.626017278076875,2.16469412349354,0.492543394191672,0.771804730584428,0,1,1,60,58.9,359,0.48,3.05851450077086,2.72445826999901,2.73026868450356,0,6
184,0.363679257154341,0.733804925298659,2.01358348811372,0.285602884321237,0.731740778304581,0,1,1,-0.163986744179001,0.625813557624912,2.14895635231297,0.492908467948149,0.804518942009613,0,1,1,-0.124922858695948,0.630994447248864,2.14340135572649,0.482394312856126,0.945129885966639,0,1,1,60,58.92,357,0.47,3.01504677295893,2.68338669064888,2.70100844115682,0,6
185,0.362910024746996,0.73813812040509,1.97478874042132,0.284603929221689,0.680338926899852,0,1,1,-0.157448907890622,0.632431065013914,2.1391967295315,0.480820077537517,0.910516043211116,0,1,1,-0.126377124770563,0.638691958868238,2.14362171324285,0.468803124635857,0.93410092598507,0,1,1,60,58.94,355,0.47,2.95826140191438,2.63246129456704,2.64691478761596,0,6
186,0.36981132193899,0.742588962157666,2.00480472957042,0.273665008507556,0.7155688666829,0,1,1,-0.148647221638959,0.63966430417317,2.1619492964129,0.458338360442026,0.866353974475532,0,1,1,-0.116304214111802,0.641881483002978,2.16190292847679,0.459108447742056,0.827830978604461,0,1,1,60,58.96,354,0.47,2.91693893911444,2.59492604014657,2.60917428284694,0,6
187,0.359964969358845,0.73639871572064,1.98060986914903,0.288499748679127,0.698423723904583,0,1,1,-0.16987901509108,0.629128656810317,2.1509241862534,0.48649127658501,0.826574464594067,0,1,1,-0.140584503857912,0.630922787669245,2.14203506645746,0.484409329332303,0.953247138928638,0,1,1,60,58.98,351,0.44,2.88935850383317,2.55783405577618,2.56824195155396,0,6
188,0.364735027866532,0.739448075956106,1.98996100780022,0.280218727179318,0.726450263148819,0,1,1,-0.131216179963811,0.640491897777493,2.1792695216754,0.458842778718584,0.87698905822429,0,1,1,-0.104815741884316,0.641494425413443,2.15187775335884,0.459759227896623,0.957771844188143,0,1,1,60,59,350,0.43,2.84298155638035,2.51791751264813,2.52688594361207,0,6
189,0.377161771270519,0.754011340330558,1.95730131708833,0.257986149989919,0.735070486982944,0,1,1,-0.143982426798026,0.65364603759772,2.11790349075703,0.43493444494445,0.920105831248551,0,1,1,-0.107370539531803,0.652860836184159,2.11345873047515,0.438201023416295,0.818759352967129,0,1,1,60,59.02,347,0.41,2.80864936335634,2.47834415803828,2.49007687970087,0,6
190,0.376410532314431,0.747618834013666,1.96138133939588,0.272603959800672,0.661259811966069,0,1,1,-0.173745797144727,0.633970685195516,2.12534656511931,0.476536276952534,0.849854851278164,0,1,1,-0.137123458529842,0.637194306031681,2.13676048974205,0.469976521255492,0.923597804364701,0,1,1,60,59.04,345,0.41,2.75813773418957,2.43830038276701,2.4472898938019,0,6
191,0.381181060200749,0.755344059218975,1.95432639317054,0.255461467555474,0.738391163677596,0,1,1,-0.133269612885553,0.656426414598923,2.11079394924539,0.430963660482164,0.800468029839101,0,1,1,-0.0972954387025248,0.657228860233711,2.10403159147942,0.431721087872541,0.897664200050227,0,1,1,60,59.06,342,0.4,2.71245545302376,2.40016702187005,2.4020423014826,0,6
192,0.374167677156502,0.756773119418798,1.93835739113514,0.255917769679932,0.726961122352855,0,1,1,-0.148389620788488,0.648004147226542,2.12549354522606,0.445891333965141,0.886706425809199,0,1,1,-0.118510418404203,0.646069956454885,2.11982918539743,0.453956305257844,0.799163217277828,0,1,1,60,59.08,338,0.39,2.63432810961274,2.33787787488338,2.34569116865679,0,6
193,0.383344218310992,0.752944011083336,1.9727924076094,0.258470641616009,0.70134257461908,0,1,1,-0.141281284289976,0.657661094084996,2.10137000159406,0.427804891960267,0.837366041270012,0,1,1,-0.113331043348118,0.658813608453896,2.10241603938287,0.429475062723335,0.751466512827255,0,1,1,60,59.1,337,0.37,2.58946446332402,2.29620905739669,2.30550765286076,0,6
194,0.35244845614972,0.74809982644084,1.93496145076647,0.267118369558005,0.724876853122816,0,1,1,-0.170696139796838,0.637885282710757,2.08818697093317,0.472379278683064,0.925968750612029,0,1,1,-0.125744220664234,0.635897696778542,2.08794331970853,0.481455723035502,0.78944049816774,0,1,1,60,59.12,334,0.36,2.54425864546457,2.25599338448611,2.25683405426322,0,6
195,0.337493208556684,0.734085036410618,1.96544844569739,0.287878171183942,0.74941113537443,0,1,1,-0.157821918861212,0.636529133938461,2.103870209584,0.47452602668234,0.823798548221695,0,1,1,-0.126704863403192,0.639762520152519,2.10290714774186,0.469443322992308,0.946697828713476,0,1,1,60,59.14,331,0.34,2.49061176188937,2.20973389274122,2.20468964700027,0,6
196,0.361840447748284,0.76181189340728,1.87946147979735,0.252897786073594,0.709277523565989,0,1,1,-0.173106946263325,0.650178148812775,2.00549653381881,0.452455517926395,0.836381098929037,0,1,1,-0.139307561740361,0.652392322647147,2.01583646479885,0.451769739202161,0.931153861654293,0,1,1,60,59.18,320,0.31,2.32233096310356,2.05263457876908,2.03966170978135,0,6
197,0.332706284621178,0.74535642944456,1.90369293729664,0.271596080416209,0.784284374736637,0,1,1,-0.171932959826925,0.647433573315378,2.07405856848443,0.45245430071728,0.882966564337261,0,1,1,-0.131730031498675,0.65269890999282,2.07051235081643,0.446051234007666,0.710272555924834,0,1,1,60,59.2,316,0.31,2.27125912529491,2.01203688904353,1.99640977228473,0,6
198,0.340793684129199,0.747808919864796,1.8897007391069,0.27155996568836,0.766566803809132,0,1,1,-0.151731179252809,0.645836293416345,2.06363233532522,0.461730451901539,0.866513592544185,0,1,1,-0.115453388820999,0.65073663386954,2.05509820227355,0.451517282482384,0.908230748146045,0,1,1,60,59.22,310,0.29,2.19898842929932,1.94291601510523,1.92231845838588,0,6
199,0.368445155172235,0.769728132023769,1.8436637468256,0.23917681189502,0.774931203050806,0,1,1,-0.147849400249798,0.668887372744177,2.00218694598673,0.415230900776333,0.833471692308867,0,1,1,-0.118905716728007,0.662146413815023,1.98351522816176,0.434603707898415,0.931968280715954,0,1,1,60,59.24,306,0.28,2.13952196419266,1.89583273818374,1.86596476997936,0,6
200,0.351044887676037,0.758138618064927,1.84777349269209,0.258072153733797,0.763331082692676,0,1,1,-0.164322096880296,0.64855048965562,2.04934964002612,0.456169022223858,0.893993573646812,0,1,1,-0.131326017694662,0.64627037367353,2.02930042050553,0.461646778352771,0.883629523530259,0,1,1,60,59.26,301,0.28,2.08086481115165,1.84742241663084,1.81234788517923,0,6
201,0.351976396645879,0.761301521080439,1.85574011991802,0.249657051545564,0.793075590224554,0,1,1,-0.167913309968495,0.654296108246748,2.03387362746893,0.441666128910739,0.854995976296637,0,1,1,-0.111093906391539,0.654373175934772,2.01038463584475,0.444063076637373,0.798802219227178,0,1,1,60,59.28,295,0.27,2.02097998138949,1.79800577235786,1.75295709290026,0,6
202,0.367920321935084,0.775795190069822,1.78808378036879,0.238533217272508,0.781639475777414,0,1,1,-0.156451478269046,0.666888962987663,1.93894334088738,0.425239135490295,0.874740886158077,0,1,1,-0.116112837472126,0.668493883280968,1.93166388720836,0.426538911235415,0.915172743488066,0,1,1,60,59.3,289,0.24,1.96357983500005,1.75395656220242,1.69663933524771,0,6
203,0.320083133351722,0.760676088907821,1.81478561532617,0.24692089194677,0.876828338238142,0,1,1,-0.168087674666373,0.654390304553248,1.98652075868536,0.446677674885965,0.81477789079102,0,1,1,-0.138181591372143,0.658518596565167,1.98348989901074,0.443389532925362,0.930637166744179,0,1,1,60,59.32,282,0.23,1.90106982007729,1.70283502079688,1.63787009826081,0,6
204,0.373236408388751,0.777073231381325,1.79267055925283,0.227790754846649,0.822722690445841,0,1,1,-0.131347837153038,0.691744718529074,1.87035629367268,0.382749475969386,0.77217723484255,0,1,1,-0.10944825691397,0.689284384951543,1.85597816697138,0.392766698477003,0.899815324265218,0,1,1,60,59.34,268,0.21,1.76757881346214,1.58495007819974,1.52540291510414,0,6
205,0.332528903398971,0.766459722541581,1.75453920230693,0.24389793622329,0.826423210382393,0,1,1,-0.180923954873273,0.657574601838578,1.83878473036717,0.456133004279968,0.866963040395096,0,1,1,-0.132166324023666,0.659134951289927,1.85262821982905,0.450854443622581,0.698498837679548,0,1,1,60,59.36,255,0.18,1.66842734022032,1.50395017605292,1.44299602134071,0,6
206,0.28836911110274,0.76829699288557,1.73384159912616,0.237322703040626,0.944043533654313,0,1,1,-0.222290634149264,0.653133735663715,1.86267686944732,0.463038230182057,0.63695908877207,0,1,1,-0.167454322856809,0.660763843002511,1.84883056688436,0.449155582632054,0.585267342701265,0,1,1,60,59.38,242,0.17,1.5666342680537,1.41261616607881,1.35303932550327,0,6
207,0.357080385030671,0.795848852385955,1.62966728897237,0.208486642128014,0.87689311731649,0,1,1,-0.183612270118672,0.677442519002263,1.75496930966342,0.420216712605808,0.892775014051867,0,1,1,-0.14353138337998,0.681031899534174,1.76280862527227,0.415008852511,0.77664709984004,0,1,1,60,59.4,230,0.16,1.47945861043769,1.33969888699774,1.28064284287091,0,6
208,0.360331475894576,0.794180247148893,1.64969374856686,0.206539149320608,0.907732657436886,0,1,1,-0.179166549432811,0.689731280693042,1.70730871366114,0.397640307467891,0.645388201579372,0,1,1,-0.138551240228327,0.689759825628716,1.71175277309916,0.401966822531973,0.778114058449244,0,1,1,60,59.42,216,0.13,1.37409269711516,1.25104559423879,1.19297265080158,0,6
