idx,Skewness_X,Kurtosis_X,Variance_X,RMS_X,Skewness_Y,Kurtosis_Y,Variance_Y,RMS_Y,Skewness_Z,Kurtosis_Z,Variance_Z,RMS_Z,Freq_Rated,Freq_Gen,CC_bus,Power,I_R_rms,I_S_rms,I_T_rms,Load,Class
1,-0.331592242251397,17.5012651262853,3.38785862082563,2.35532795162721,-0.266726181944951,17.282625992278,3.37801361963951,2.30717122959593,-0.225921777638373,17.5432404034962,3.31328781569467,2.32446156866169,45,43.72,349,0.44,2.70485622519889,2.45018371378701,2.64445430421516,0,4
2,-0.540057073693194,17.3000349164465,3.34834613178886,2.30297602779967,-0.481410099317166,18.2301531087601,3.11721184404726,2.29204246512635,-0.522652722621446,17.1721879971052,3.37197676539721,2.31588083548857,45,43.74,347,0.44,2.66926473920315,2.42034542416912,2.61231691051079,0,4
3,-0.149701242842842,16.8178064809248,3.31408245421597,2.29029790393526,-0.49409035434525,17.4523402492102,3.30977422428981,2.24842756074173,-0.352210118398986,17.0658430273506,3.35968649346373,2.28198293059944,45,43.76,345,0.43,2.63520857148101,2.38997045300387,2.57836304248273,0,4
4,-0.390033155243213,17.1473768599952,3.29914095563551,2.26695106264284,-0.377373375461817,17.3145662022264,3.29933209083843,2.30049517397666,-0.309847031363535,17.3662995623403,3.27476531303079,2.28195702427588,45,43.78,344,0.42,2.59931538326482,2.35487011055382,2.54227812186532,0,4
5,-0.425140058306473,17.784467668466,3.18781180361028,2.22646028698753,-0.351912502058435,17.0198864368539,3.27166703445655,2.27222623119837,-0.376874260719853,17.6552393441284,3.30724415814265,2.25065276369495,45,43.8,342,0.41,2.5672321080505,2.32517557482947,2.50958785444566,0,4
6,-0.233019828596075,17.14669981305,3.19344215963213,2.30403432971212,-0.258023386483167,17.1487119461906,3.27676382016689,2.28065209540995,-0.321456200935317,17.4579478058962,3.23819134617578,2.27987384877102,45,43.82,340,0.4,2.53083067341624,2.29192862837882,2.47043167172206,0,4
7,-0.252272504476934,17.3870626736769,3.19078412270983,2.24111432514684,-0.362273207894598,18.0213423457961,3.14326009391627,2.22209324587527,-0.285762439860204,17.634691510881,3.19983086127342,2.22021716118735,45,43.84,338,0.39,2.49515947559568,2.26187762511864,2.43436873009605,0,4
8,-0.32934287083346,17.096860132797,3.15326242594236,2.26068410218925,-0.195969457593021,17.3313628529571,3.05534791949673,2.28231758475533,-0.161459483564676,17.2071982434277,3.0961731749639,2.26522537386866,45,43.86,335,0.38,2.45173568840457,2.2256879098949,2.38824156915627,0,4
9,-0.448592799797205,17.7822087063852,3.07409992818477,2.2030912700384,-0.46315048955484,17.7251463195734,3.09677979666402,2.22798772697991,-0.417296920517414,17.9576108371868,3.12774542025982,2.20727757306516,45,43.88,332,0.37,2.40192366412619,2.18043249792474,2.33145188677405,0,4
10,-0.440362998342602,17.6310674214493,3.11348439893261,2.28404352520847,-0.443467875704914,17.8440816076876,3.04293732407088,2.22822401798997,-0.435427604608612,18.4594819684247,2.89501041582146,2.20985323370406,45,43.9,330,0.37,2.3740547857931,2.15384591468395,2.30575784168113,0,4
11,-0.205037096358214,17.3290626741091,2.99640081385579,2.27553680523053,-0.278083779744023,17.4921562406799,3.00406093481248,2.22453700046087,-0.204173470388437,17.7905947547056,3.01104197541618,2.26134318986022,45,43.92,327,0.35,2.33598674470011,2.12061441977379,2.26591975962299,0,4
12,-0.392567715168551,17.4358617582917,3.02950415399503,2.23382364094281,-0.420332861878255,17.6489013004778,3.04764117727354,2.27389163405627,-0.434421500660947,17.9119201948794,3.09037819814218,2.25782691228363,45,43.94,324,0.35,2.30285385908459,2.08910426621808,2.22976032622993,0,4
13,-0.381878058076994,17.6744252108627,2.97669889378416,2.20924246824054,-0.468170597413201,17.7889697553634,2.95504136450484,2.1561085370163,-0.49804645433959,17.9262851316776,2.94383456154684,2.17065948242891,45,43.96,321,0.34,2.25582163095784,2.04227112630289,2.18296372887922,0,4
14,-0.205564324412014,17.6997134588741,2.82983536303831,2.21259470478344,-0.234821103706283,17.675894184641,2.80954602795643,2.17063511960251,-0.224730731638368,17.4873651738009,2.87679294565561,2.1945325954869,45,43.98,319,0.33,2.21781151171672,2.00649543859406,2.14243872277634,0,4
15,-0.110900399897709,17.1406775363988,2.82093326670265,2.24320960363321,-0.222934020046858,17.6093882697001,2.8388513681989,2.19452357240265,-0.0777813097152149,18.5149069905738,2.72047454591328,2.19479187019807,45,44,314,0.32,2.16984910527562,1.95597056987351,2.08862953557288,0,4
16,-0.310935040672471,17.6336706649543,2.75588564236951,2.20636051688681,-0.336814577534862,18.4546127487957,2.67956616590685,2.14532961064581,-0.339832936815344,17.2439568935202,2.82472988794568,2.18975244883942,45,44.02,311,0.3,2.12780278950647,1.92085580880424,2.04808505594266,0,4
17,-0.342777628340611,17.9240513079751,2.7564872945761,2.11636906372313,-0.37513797882498,17.58668573147,2.81072375197823,2.17881236250911,-0.356682494704441,18.1961670451254,2.73341231933842,2.13521232822562,45,44.04,307,0.29,2.08617924324779,1.8796443418533,2.0024199893666,0,4
18,-0.229111452385448,17.9981579953543,2.71767644475255,2.16593766444582,-0.211664320892963,17.6980572488549,2.69351750175341,2.20926523934881,-0.0760073394515896,17.9890714610199,2.671165191692,2.18116808915799,45,44.06,303,0.28,2.0327646151989,1.8309026046934,1.95001171931247,0,4
19,-0.193161753809269,17.6741218597186,2.650089706696,2.16282028816222,-0.323153651008091,17.5150509373959,2.68159820028668,2.1371237840323,-0.384691272442234,18.0567094098379,2.55340264757667,2.11963845005016,45,44.08,298,0.27,1.9889499133641,1.78984103062461,1.90474514300315,0,4
20,-0.209312925299115,17.6507649080986,2.55906712453584,2.17288327707316,-0.308070679094364,17.7520423529081,2.59114757864621,2.13167670950813,-0.265643217769786,18.3822738539293,2.55956867688234,2.14644904212288,45,44.1,294,0.26,1.94593245551764,1.75037884764074,1.85950822767582,0,4
21,-0.25821431951769,18.6782813469849,2.46308400052604,2.1352295043426,0.0360032274415712,17.6964796680445,2.52299863045107,2.11230409434901,-0.080076325678768,17.5619130367523,2.52274509590451,2.11904294393015,45,44.12,289,0.25,1.89909135788183,1.70733012660539,1.81176740628655,0,4
22,-0.448531601285367,17.8150922433342,2.44580360999238,2.1009800288505,-0.250448633075234,17.5800212756613,2.4444319941847,2.14979744735585,-0.350259283569185,18.5743361203775,2.42802327572473,2.12080187760498,45,44.14,282,0.24,1.83972776655969,1.65084639078896,1.7493052789628,0,4
23,-0.146812042575232,18.3445155989755,2.33796043089988,2.11996194354304,-0.102967906450804,17.2815101933704,2.33702437250557,2.07255015395175,-0.204326635160999,18.2722398726052,2.35528679490703,2.10653459966518,45,44.16,277,0.23,1.78672961491705,1.60569276935903,1.69729625298064,0,4
24,-0.0353854680523068,17.8913214086867,2.31449599129419,2.06908219332247,-0.371153689213522,18.7086123681844,2.23761282982685,2.00908516860108,-0.229693634663409,17.5903659654041,2.28037815731959,2.04737254742757,45,44.18,269,0.21,1.73282490377337,1.55821459370857,1.64277118928907,0,4
25,-0.337216416425495,17.9019394282018,2.22628038238711,2.04914174268081,-0.0104900334605716,18.1827422294833,2.1557922538848,2.06897957842437,-0.19348666755951,17.5831558287417,2.19979506808904,2.05407047779617,45,44.2,262,0.2,1.67143303000566,1.50377636647132,1.58266514554086,0,4
26,-0.178664034349874,18.5316707031871,2.02959270358965,1.96317392118278,-0.109692121231481,18.1200035447765,2.0626137473646,2.01243043761943,-0.309869683353368,18.6218459637951,2.0370673413033,1.98964095826772,45,44.22,255,0.19,1.61469340713822,1.45689106912768,1.52841825497952,0,4
27,-0.271575265750854,17.4320489614749,2.00509654154435,1.98493392438988,-0.336453833436776,18.1138565067169,1.96007139474822,2.01013424223508,-0.161540633385199,16.6535770747318,1.99833791278533,1.99384340147698,45,44.24,247,0.18,1.55266794538034,1.40313830054701,1.4685766042986,0,4
28,-0.219909365342124,18.1310113201423,1.86442811227326,2.00077976375431,-0.28947380319619,17.4470134363246,1.86112233992218,1.95603419128218,-0.130682579454751,17.9790424882165,1.78935900232979,1.97150656681496,45,44.26,237,0.16,1.48796476020032,1.34291229245631,1.40536408169278,0,4
29,-0.125019221599958,17.4644672605519,1.70960919219496,1.90240417250671,-0.0954620383740431,16.8224465295018,1.6805122863434,1.9227184167349,-0.00152834898283809,17.3290212550865,1.65960110561934,1.90268626359376,45,44.28,224,0.14,1.38821966539197,1.25540046485438,1.31138902897324,0,4
30,-0.203646257739003,16.7331427320049,1.55639420701968,1.85931163063052,-0.360933436471236,17.7814547441611,1.51540028518179,1.82267414487953,-0.279260329573958,17.7005240770088,1.54582006173271,1.82345341241265,45,44.3,212,0.28,1.32404442902416,1.19420635959478,1.25008358022542,0,4
31,-0.39581286597911,18.6191638822247,3.17684295334185,2.29458958058912,-0.226385623760282,17.5702231090196,3.23082804122867,2.27292643420125,-0.206644163590963,17.6738039058005,3.31242306625901,2.2943064031515,47.5,46.24,349,0.44,2.71408794180251,2.44030875919303,2.63981461252257,0,4
32,-0.408729678820671,17.8800621880422,3.363768421018,2.30630067635187,-0.494544623767994,18.3650016475411,3.31808505129263,2.25857483256766,-0.366513944600949,18.5203521704491,3.28026675407804,2.27296919199119,47.5,46.26,347,0.43,2.67992793750035,2.40730074627234,2.60224687925878,0,4
33,-0.39790273305722,17.7699349540677,3.3514703021888,2.2924179385562,-0.319394065173568,17.697285308053,3.28691024524973,2.25177107257604,-0.567172457132828,18.4801402808979,3.22954980404546,2.24045257529836,47.5,46.28,345,0.42,2.64358270507453,2.37519143303785,2.57019107190413,0,4
34,-0.375651070997626,18.1379251968309,3.30736139660315,2.25170523944152,-0.273730329255978,17.8503368788406,3.26718612465566,2.27822912177007,-0.358867570270547,17.7844525169201,3.31450197678916,2.27439257863749,47.5,46.3,344,0.41,2.61024684707736,2.34277738013391,2.53904950836316,0,4
35,-0.454078374761334,18.1077377269643,3.18869994248778,2.26225939940403,-0.405036575963706,17.8970935719668,3.22642213797838,2.23449099601275,-0.431281807886167,17.9134055192971,3.21142473881829,2.24928677537379,47.5,46.32,341,0.4,2.56760215938567,2.30591302727506,2.49800463617094,0,4
36,-0.296955301551467,17.7738726225991,3.29184992594189,2.30215202831605,-0.419948204787971,17.781608745731,3.40791733424437,2.30360493990184,-0.335288610695181,18.4420027620724,3.10606996793754,2.2451516136559,47.5,46.34,338,0.38,2.52843154920717,2.26614990606137,2.45337971970146,0,4
37,-0.450307420131593,18.3176299111928,3.1451001826243,2.24798428981908,-0.43244002963087,18.2216795841435,3.1793199660305,2.22021731329101,-0.41653693432761,18.4495325104857,3.24231596704009,2.24482606852213,47.5,46.38,334,0.37,2.44544612414902,2.19620025138155,2.37414566560707,0,4
38,-0.497978327589536,18.4796535533411,3.14659584449089,2.25976902078398,-0.377053799374454,18.2396767148959,3.17627249933033,2.30578143394354,-0.42620836953969,18.5289266529513,3.14873922563142,2.27615308268694,47.5,46.4,333,0.36,2.41349523779405,2.16622064034934,2.34210914773356,0,4
39,-0.427754200816337,18.4773349767103,3.13123716439702,2.22376938010346,-0.39232755009057,18.4035091804968,3.16185834539236,2.26519185199861,-0.486178208277893,18.0460015270585,3.17072490149847,2.25239279489115,47.5,46.42,330,0.35,2.37515783019647,2.13658432199328,2.30649931677833,0,4
40,-0.458166092194977,18.1794222230022,3.11851884902647,2.20445396211896,-0.510472524424211,18.7152032989759,3.16125549685681,2.25227818876724,-0.564160296016271,18.5939159119513,3.13215322624585,2.23235018829961,47.5,46.44,327,0.35,2.34348288966222,2.10472971846544,2.27010385330757,0,4
41,-0.394559351241919,18.6008581274063,2.97548658494389,2.21722006430837,-0.364754976359179,18.9937615235859,2.89818227707624,2.23320968073852,-0.293877424818636,18.0590668539329,2.97907392135681,2.23185099689857,47.5,46.46,324,0.34,2.28612439062791,2.05270183908916,2.21267127058151,0,4
42,-0.384856557180104,18.4749588884806,2.96684408503727,2.21072322552119,-0.273182670977843,18.6143762013321,2.87953850364047,2.15848760335936,-0.186839468074645,18.0564434335549,2.93771400689029,2.19316853834791,47.5,46.48,321,0.34,2.24969474015686,2.01807396084725,2.17249038893945,0,4
43,-0.237236438200922,18.7898745634368,2.90830698343314,2.23640152791499,-0.406160005383453,18.7773688232535,3.00413613900889,2.2285556089688,-0.400616296154654,18.7058355324625,3.04977705812039,2.26368180199871,47.5,46.5,317,0.32,2.21175876580169,1.98479373801895,2.13078478247236,0,4
44,-0.371839928093493,18.1545391326515,2.915027444172,2.19831946833801,-0.341357927257059,19.1544116141717,2.90816213593928,2.23397840646355,-0.19646853211778,18.6158539303961,2.87281841936263,2.2004934964256,47.5,46.52,315,0.31,2.1719758882982,1.94781160413578,2.08844795977402,0,4
45,-0.181501732123629,18.2505319794057,2.85410948714163,2.20106151651958,-0.496776432106933,19.2914956725606,2.76790490873393,2.19881194223889,-0.323742953452877,18.7970613816895,2.84032056904098,2.21986713489469,47.5,46.54,310,0.3,2.12715041862427,1.9069297522945,2.04155731688403,0,4
46,-0.142480179090039,18.676431487287,2.75198338858013,2.19386213850079,-0.159352835990423,18.8352739483644,2.75865460189666,2.18800812171715,-0.353077810509273,18.6477861882562,2.81092388705553,2.22655456777564,47.5,46.56,306,0.29,2.08617794989164,1.86448831226641,1.99631235013597,0,4
47,-0.368927101845903,19.2151159451768,2.69181115840361,2.18952374845188,-0.30140018418941,18.6407500206124,2.74493902165154,2.16436819755256,-0.14030230547268,18.4062599430775,2.73536443174683,2.17048485605275,47.5,46.58,302,0.28,2.03807893714744,1.82231989351263,1.94678236034757,0,4
48,-0.359189223812445,18.9902606295833,2.66114270367804,2.19192638478587,-0.403710904097023,19.0417420092432,2.60848209795267,2.13477795676093,-0.353544617198925,18.8156738806451,2.64205235556772,2.15842757781548,47.5,46.6,297,0.28,1.97699990366118,1.76607905582866,1.88459589261194,0,4
49,-0.516353992150654,18.7051041307854,2.7875832273247,2.18307604366245,-0.312943739356307,18.8832103404253,2.67479307944164,2.13859047467941,-0.239129436694413,19.0396984524825,2.68541553760848,2.14969120822741,47.5,46.62,297,0.26,1.98859301673041,1.77800466099444,1.89644019216676,0,4
50,-0.399681809122561,19.5160272855382,2.58342219137299,2.13190258325273,-0.302071582704029,19.2403111474054,2.56941338052961,2.11242596450501,-0.1039205500708,18.950162610689,2.58497734223998,2.12864309291224,47.5,46.64,293,0.26,1.94224711250217,1.73522164050974,1.84895042337348,0,4
51,-0.143694232959697,19.6334662530891,2.44998561368332,2.0732286749527,-0.323303031812045,18.999111783341,2.47599478318938,2.10574791978796,-0.415252225065131,19.4261033759328,2.49987688746979,2.10587908783087,47.5,46.66,287,0.25,1.89780020479136,1.69291095949479,1.80037661588605,0,4
52,0.115283498060451,17.5387512978215,2.64822053648369,2.16200524078075,-0.467895670578259,18.737358432315,2.3466231819186,2.07081590521501,-0.892972236006797,20.3560986605377,2.46010357080597,2.09006723551922,47.5,46.68,282,0.24,1.84595896796529,1.65218986346018,1.74949823705365,0,4
53,-0.092309168286492,18.7898468074291,2.39458019659301,2.08571976455819,-0.104019820413837,19.3977216627783,2.26439948463554,2.02767951000183,-0.266368481238594,19.550274650463,2.33547421789409,2.06023835801202,47.5,46.7,276,0.23,1.7987260582444,1.6104903607069,1.70193810734698,0,4
54,-0.335386017583618,17.9218590400577,2.4797311705399,2.12568047971313,-0.177435225783198,19.4540072265811,2.27075512372507,2.06998090048486,-0.311305539113542,19.2858856103306,2.26502003972555,2.10400024556952,47.5,46.72,271,0.21,1.75289724018592,1.56878134924203,1.6543593618352,0,4
55,-0.145731429199177,18.9387522614268,2.21476505034918,2.0261276722037,-0.311955291005854,19.993441719311,2.06109645439782,1.97598966412808,-0.167532817022319,19.7922678264494,2.13415791813044,1.97356538509656,47.5,46.74,262,0.18,1.68304271625098,1.50753031676052,1.58445018178305,0,4
56,0.0668774283285776,19.9507194812105,2.04707121805386,2.04611172906111,-0.160397479686197,19.439083541892,2.06964964165475,2.01079498747014,-0.179989448260492,20.1326248060726,2.02846836638154,2.02659167364534,47.5,46.76,255,0.17,1.6263021765219,1.45580472187718,1.53069351025765,0,4
57,0.0344205003370817,20.151274640257,1.90610611401369,2.00163127945321,-0.123173164551756,19.6065795855767,1.93149503882162,1.97708163739338,-0.192857390705221,19.7585656800922,1.89540316430176,2.00097960925461,47.5,46.78,246,0.16,1.55984542299113,1.39834661272946,1.46762891048676,0,4
58,0.0740296743640261,19.5645087413498,1.80217933217951,1.93965560042239,-0.144311073817933,17.8879557145978,2.00130881196275,1.9519581307264,-0.0744486689480249,19.644097778681,1.81903073169214,1.93161502864565,47.5,46.8,237,0.15,1.49369772760966,1.34166269640237,1.40414222995612,0,4
59,0.0425374727887506,19.1206243084863,1.61883034142365,1.90322342616952,0.115884301704688,20.0314291900816,1.64063213083933,1.92712121066938,-0.252353939614498,20.5883171777311,1.65822605030306,1.94563629665136,47.5,46.82,224,0.14,1.41563305344005,1.27438330016428,1.33125129320144,0,4
60,0.0127062169815973,17.2360499652349,1.70213744250443,1.91891868351819,0.0308226445346573,17.7462789727433,1.59406169676612,1.8640460467749,0.0208270322362623,19.455619322891,1.498671635353,1.85025065602332,47.5,46.84,214,0.13,1.33876614848416,1.20523601199281,1.25849729698918,0,4
61,-0.566231561434697,17.1911004959974,3.34980088696523,2.30312787016116,-0.272357878547987,17.719483317218,3.26836838562576,2.31666394802669,-0.462214299137848,17.1244267303139,3.36629244974776,2.31263600396969,50,48.71,356,0.47,2.80861783339133,2.54067310533296,2.75097054315875,0,4
62,-0.18926094700687,17.3779477471882,3.17482822755156,2.26148951057896,-0.395833477283884,17.5350713490649,3.18243581372448,2.22568503547653,-0.36493286136965,17.4792140344415,3.15843562073686,2.2462177193021,50,48.73,354,0.47,2.76538064010795,2.50078456967468,2.70587974263554,0,4
63,-0.516980089018649,17.2698266715459,3.32283978758302,2.27873337181129,-0.236417735865115,17.4684717872744,3.27007485069401,2.26106660801688,-0.358456947095364,17.4555395532591,3.32716546836683,2.24760144409809,50,48.75,352,0.45,2.73381778013979,2.47093291528697,2.67293897819592,0,4
64,-0.434075899316551,17.3606810690499,3.26078990937767,2.29139548498818,-0.11146839174061,16.9991903431262,3.22428610016435,2.2665035661968,-0.129023616087331,17.177697456722,3.24986692982618,2.27819759714673,50,48.77,351,0.45,2.6936288387861,2.43610486486589,2.63579093870985,0,4
65,-0.116426956773433,17.3315799062083,3.21781630821057,2.28067174979068,-0.34756777968659,17.3167413918564,3.2171492853757,2.25952452777467,-0.34307159862317,17.3763658079368,3.1966005923397,2.26609859325696,50,48.79,349,0.44,2.66759344700624,2.40932129734364,2.60654694600216,0,4
66,-0.337637414576607,17.4262409835988,3.15756695392681,2.24648209824002,-0.201217710793526,17.7659428963955,3.14842143660235,2.26292465207403,-0.19691387837564,17.3406251594744,3.13668980401523,2.25124762113073,50,48.81,347,0.42,2.62750564613587,2.37498850345518,2.5727262233651,0,4
67,-0.47665786069302,17.5676383568314,3.16027661358168,2.26413093073429,-0.527565137167745,17.7339167856856,3.13518396873429,2.29680418775055,-0.552021743260493,17.4945996938413,3.10804981350351,2.25767492783987,50,48.83,337,0.37,2.50044422182432,2.22128475288729,2.41484280264046,0,4
68,-0.560744561147283,17.8035257017968,3.09789898452724,2.25519855782076,-0.316668320370567,17.8751123458709,3.09178308169201,2.27555209663349,-0.510974305216605,16.9757049838565,3.25713200366431,2.31287536793638,50,48.85,335,0.37,2.46448274690032,2.19160621549866,2.37924171633598,0,4
69,-0.218737859149711,17.1783580570916,3.05504838476685,2.24864803011104,-0.36336864035246,17.7158728733985,2.99376756229982,2.25303806430375,-0.378266848591926,17.7286482775497,2.9289322211138,2.24148233027263,50,48.87,331,0.36,2.40797247066233,2.13956902096188,2.32178863374428,0,4
70,-0.231187643874815,17.7943726759289,2.95919147855107,2.17804787579569,-0.347136159570109,17.67677196876,3.02149261152254,2.23021628791618,-0.259188164128214,17.871741657829,2.97625157693422,2.20543536492986,50,48.89,329,0.35,2.36908577947689,2.10425718691887,2.2856488917758,0,4
71,-0.330989473898688,17.8583826271058,2.95168217946866,2.24042434788051,-0.44497404643716,17.751809064551,2.9786806462921,2.2132249907405,-0.277783443990772,17.2726274135695,2.94950263890678,2.21642930797722,50,48.91,326,0.34,2.33537679669213,2.07559061019515,2.24609277847957,0,4
72,-0.364190400767152,18.2446033404648,2.78964614966706,2.14290066879716,-0.131620762722829,17.6694490519221,2.82340457485466,2.17297867596841,-0.113250554616449,16.9105958395531,2.9781351550884,2.18409063376855,50,48.93,323,0.33,2.28757879454099,2.03945171091136,2.2006108453576,0,4
73,-0.316264217880835,17.9787740876123,2.76421017742393,2.20314971608793,-0.423012394205475,17.8798423701109,2.78617762086382,2.18639924259219,-0.353816097335923,18.2111356377384,2.77932510416952,2.20726121841152,50,48.95,320,0.32,2.25311612236247,2.00567699498115,2.16262060324711,0,4
74,-0.191251282199524,17.8417186483437,2.65630400924106,2.16960240269002,-0.405758350552119,17.1470821446154,2.91158859111054,2.21175820500221,-0.0940826922643537,17.1044224102971,2.96287547538768,2.26168413428829,50,48.97,318,0.31,2.21770995120533,1.97133325543443,2.12385280815227,0,4
75,-0.0460406578143063,17.7647373026104,2.8127082331285,2.18976914841888,-0.255651685375596,18.0676620061858,2.76662375992124,2.20439060771481,-0.0550140807017683,18.0600400100387,2.71815307422637,2.19459255158074,50,48.99,314,0.3,2.18145598386168,1.94045213844309,2.08528009230545,0,4
76,-0.123928761648476,17.7278027142106,2.62272004841663,2.12501857426743,-0.184595880109657,17.5770718038506,2.74218021922968,2.13316249156396,-0.33773206868438,18.3828485210727,2.6087686196601,2.09959755467944,50,49.01,309,0.29,2.11655816155312,1.87885263283423,2.01788677923331,0,4
77,0.109288734968628,16.8508678467322,2.74696947113542,2.14080316736517,-0.318408150419903,17.7500174119197,2.63546586015243,2.13190860950046,-0.0913228116709893,17.9452507017059,2.63038984467544,2.10270711047565,50,49.03,305,0.28,2.07223865531822,1.84111441747129,1.97209408138654,0,4
78,-0.229058366664392,17.9771755773604,2.59097499445383,2.08406396501009,0.0323670337065861,17.6947357322649,2.60553845634254,2.13068925288889,-0.133148592780224,17.6489096048947,2.57815059587023,2.10832444570924,50,49.05,301,0.27,2.03190754527744,1.80297634783778,1.92855781698613,0,4
79,-0.154216925343002,17.3212858211739,2.66461009810269,2.14409152672374,-0.145913152142776,17.8059387245749,2.61096895358305,2.15903087038299,-0.20151309147961,18.1304508754332,2.41469570500558,2.09272722255234,50,49.07,297,0.26,1.98755957827074,1.76704449864916,1.88598166796881,0,4
80,-0.0207809728460395,17.6739697628166,2.44844624359241,2.11799534376542,-0.243854606692024,18.1991654934879,2.44333958655394,2.08595527080314,-0.25104520299,16.7277573204769,2.66295602234292,2.1496043753804,50,49.09,293,0.25,1.93808914287434,1.72238461219935,1.83417616324561,0,4
81,0.049044327321781,17.5847648736744,2.47255219512158,2.1174343613258,-0.252896576391236,18.4773027665123,2.42051908359401,2.11961996636516,-0.149791271410747,18.1834556855979,2.38950288845232,2.12519110603176,50,49.11,288,0.24,1.89428520666646,1.68344635694613,1.79037965968054,0,4
82,-0.287589190221148,17.9149862471171,2.34060804437404,2.08145973832993,-0.125317571564845,18.0396784148552,2.34164813396143,2.05908266407192,-0.316646324233411,17.9796591024329,2.34234326977078,2.06993344534252,50,49.13,284,0.23,1.84419363087036,1.63889803328866,1.73778560026149,0,4
83,-0.419342101746643,18.4975237629489,2.22905653228844,2.08372298732899,-0.0766221915814517,17.9247482005464,2.19209258832709,2.04161171120071,-0.182959416966284,18.4995136105735,2.21859590310624,2.07392929010053,50,49.15,275,0.22,1.78119242964723,1.58426723127981,1.67599607192662,0,4
84,-0.0934128688664341,17.3703095239948,2.17929297239755,2.04075988536103,0.0485669044622924,18.1952057294909,2.12144965454171,2.06939307468965,-0.191450175020756,17.9956291570392,2.10830611222043,2.03682396271513,50,49.17,270,0.21,1.73397293653794,1.54344932235944,1.62814639008619,0,4
85,-0.0365751723316488,17.65116169263,2.08077090111782,2.01072976712355,-0.415625787907453,18.8915146803789,2.02979186602268,2.03417306504507,-0.192073695278396,18.2180241179056,2.08212245024957,2.01846087387795,50,49.19,263,0.2,1.6774396465501,1.49418460736526,1.57348355429949,0,4
86,-0.308668061805712,18.3492829122244,2.03335111764336,1.98631380002536,-0.380509044272985,18.9322373539027,1.98800184113823,1.95038860937916,-0.410511615837583,18.7128333690464,2.0002082811231,1.95000349434799,50,49.21,256,0.19,1.63454542741026,1.45889644421172,1.53427439506611,0,4
87,-0.0840238090125952,18.0386086258156,1.93448291856972,1.96685675749954,-0.377389962166837,18.1043242860346,1.92623068199103,1.91525955873375,-0.0104454546386658,18.090656849394,1.91753358931661,1.94952000316417,50,49.23,249,0.17,1.57742036655997,1.40829104234022,1.4794434161517,0,4
88,0.0689120555214182,18.006962635313,1.81175367794684,1.95312597717458,-0.0761566881361058,18.5890440345829,1.7880401855721,1.97054379174811,-0.245494688562498,19.174702159075,1.79946183053984,1.97553142215676,50,49.25,241,0.16,1.51514013584706,1.35608769212033,1.4220685677805,0,4
89,-0.155292374231926,17.360006007072,1.64326173756089,1.87292232250141,-0.235206844973888,17.9663569123843,1.65812957712047,1.88699378673334,0.141438854662506,17.9205046636973,1.64669033084848,1.84709484378892,50,49.27,215,0.14,1.42873411735219,1.27978575070315,1.3398369825097,0,4
90,-0.185085957029439,17.6896888381068,3.09167388318855,2.25336934249571,-0.44985042944057,17.7522570284874,3.11084649531893,2.23839886369296,-0.354776289656949,17.6310053395693,3.13136334175915,2.2485703244389,52.5,51.31,351,0.42,2.69881455725206,2.42858694435755,2.63923825179392,0,4
91,-0.297202398484318,17.6493392320513,3.08480843160986,2.24773820295506,-0.44200328149831,17.9621053456338,3.07399332801706,2.22736687457805,-0.387562401966985,17.8718777667415,3.08949928617713,2.2399406730471,52.5,51.33,348,0.41,2.64909532125413,2.38786436212007,2.59018031490749,0,4
92,-0.334837953266357,17.6625690579069,3.15198308804157,2.26951328928632,-0.293062181633694,17.5318321403568,3.11033371414082,2.23586455639015,-0.334116848169946,16.7727342717218,3.25370387456713,2.28118480794508,52.5,51.35,346,0.4,2.61086517866349,2.35306044984158,2.55330510798316,0,4
93,-0.410270999085915,17.8658358133953,3.05258836055705,2.22025558282782,-0.221153025187134,17.9637386926098,3.02498856103765,2.21442072135429,-0.288983716634845,17.8240083482776,3.03954592730739,2.18468603536853,52.5,51.37,344,0.39,2.56962684766758,2.31770792163584,2.51237561081269,0,4
94,-0.332761673640965,17.9520185838229,3.01743859382437,2.23784671998659,-0.148178894105038,18.1490143528011,2.91769552871008,2.23813213458877,-0.456937523798672,18.3080744520186,2.95095777340597,2.23924969498708,52.5,51.39,342,0.39,2.52835049489534,2.28023892680133,2.4762613980812,0,4
95,-0.271790659899457,17.7522372739387,2.90943889279208,2.22197624258846,0.0237534562594016,18.2063246778088,2.97338363752102,2.2252925498937,-0.165027441463785,17.7229184120705,3.01895618194392,2.27255232655017,52.5,51.41,339,0.39,2.48656781370575,2.24045936457278,2.43349794455585,0,4
96,-0.274803663745626,17.4388132350478,2.96002084767465,2.23207155007929,-0.238184186712992,16.6316275125675,3.10969712862989,2.24212232491394,-0.30826023000373,17.9880006535245,2.91454563873637,2.20644985501535,52.5,51.43,336,0.39,2.44231335999545,2.2043488331519,2.38913658415106,0,4
97,-0.173759299904944,18.1721951514788,2.87808955068219,2.22667688983296,-0.706818816923166,18.3302824175218,2.95218798978548,2.20687008536646,-0.393853977900248,17.001680842813,3.15750327528554,2.26322291775939,52.5,51.45,334,0.35,2.40144261577973,2.16857608216515,2.34916800746528,0,4
98,-0.254895796408881,18.2742977964827,2.83845020719041,2.17727173069215,-0.542253494281986,18.1843562571687,2.86912894817092,2.20716195274455,-0.203294020052801,17.0571191780805,3.0521970583411,2.23970069275162,52.5,51.47,330,0.34,2.34059316125574,2.11695908586614,2.28682570373254,0,4
99,-0.262514235832274,18.1906596030511,2.72280572187931,2.13401053825938,-0.391579772760602,18.2468885182127,2.73412211051341,2.16375312922556,-0.264610574258212,17.2996029958224,2.8445601259292,2.18231228132979,52.5,51.49,322,0.31,2.24973234737371,2.01395432149313,2.17916628980808,0,4
100,-0.312332647841176,17.9017220096172,2.73053715780843,2.14539651459874,-0.258240517328034,18.1383116343796,2.72573442246323,2.16838482927831,-0.0237833767153168,17.9375076491135,2.71624299932868,2.15554947019002,52.5,51.51,318,0.3,2.20363680315292,1.97125888706421,2.1304960228593,0,4
101,-0.0545128080230262,16.8492165150948,2.91706926134276,2.25296354836985,-0.501140168337885,17.584171159791,2.8210714829576,2.18588406232935,-0.252385201629398,17.8896002898902,2.71767391653396,2.17378897788426,52.5,51.53,315,0.3,2.16600166079165,1.93544043851934,2.09169373616106,0,4
102,-0.304902901074405,17.0830440766866,2.76235030962173,2.17050562927268,-0.0459862699083254,18.4576831474906,2.61645791663507,2.10014583715603,-0.0993181068323253,18.1718830628704,2.57882902790244,2.11712895893121,52.5,51.55,312,0.29,2.11399375185127,1.88587602086463,2.03432756830857,0,4
103,-0.226852314498434,16.8420356966002,2.71201722063917,2.19084391337989,-0.154125481178889,17.9453961515368,2.60735551890082,2.14209220782182,-0.325072171378989,18.83444682313,2.46673094953628,2.13302521124965,52.5,51.57,307,0.27,2.07007437932708,1.84639548894878,1.98523597589534,0,4
104,0.027628348631637,17.9249638803169,2.42661535645943,2.07172757080368,-0.297909484301672,18.1387986962104,2.45407887203508,2.08996563131194,-0.181506439311616,18.4273586096744,2.44234920449771,2.05293983894973,52.5,51.59,299,0.25,1.99422459661948,1.76398813382173,1.89340520609309,0,4
105,-0.166118302839051,18.1949379863018,2.33124708734505,2.03297408779849,-0.302710328302012,18.6010532879542,2.3665512193933,2.07813138243572,-0.0494943703574232,18.3271655521187,2.33310659575142,2.05874370232619,52.5,51.61,292,0.24,1.93066120619591,1.70682534689193,1.82889201558851,0,4
106,-0.231331083718328,18.5513161688862,2.3193748408707,2.03861345638192,-0.414471171113873,18.5515256105739,2.32565172906422,2.07229882016621,-0.230770942779212,17.8305106329462,2.31701690306197,2.05865593169229,52.5,51.63,287,0.24,1.87978034637772,1.66160543862428,1.77525765545792,0,4
107,-0.597970733574194,18.191339767403,2.28539508730396,2.04997711891754,-0.170824992412154,18.7547229629566,2.29666762918979,2.02285599260409,-0.285636325507453,18.248838957353,2.33741712792776,2.04392100904798,52.5,51.65,280,0.22,1.82803824773762,1.6169984775778,1.72250009543299,0,4
108,-0.269689587290579,18.0132541002881,2.16933018188272,2.0547162902146,-0.10587775502866,18.263605100208,2.190439836952,2.04364969391571,0.0659218656241976,18.1638919960359,2.19783044982092,2.08031869058497,52.5,51.67,270,0.2,1.74743853065872,1.53996114327758,1.63553980559875,0,4
109,-0.165661387438027,17.7265831606947,2.11038830448647,2.01369574889397,0.0678214568705874,18.7961617037095,2.06357278061574,1.9635404407217,0.00128528143287365,18.0860704539026,2.05999521001397,1.99012240125677,52.5,51.69,263,0.19,1.69266648745961,1.49522726120664,1.58301605582338,0,4
110,-0.15830766687142,18.4188708882604,1.91768360389761,2.00795650537665,0.312525920162534,18.6421897897872,1.942892253217,1.98037370958937,0.131560227741331,18.2862092846321,1.8768268528012,1.98571234642866,52.5,51.71,258,0.19,1.64497133596895,1.45465509244213,1.53770073762372,0,4
111,-0.164173768894975,18.1206688418248,1.8567324955577,1.96863182016649,-0.182606578575221,17.7975098317758,1.88841464189739,1.97633372397866,-0.293432734230499,18.5638216527815,1.82225482981156,1.9875251543757,52.5,51.73,249,0.17,1.57930590302823,1.39839433076513,1.47515044377746,0,4
112,-0.0522725663145433,17.7997231753531,1.69631802216911,1.89953181017716,-0.204254316989272,18.1187514971576,1.69143730178813,1.91890953570517,-0.127205030104885,17.8931817574926,1.686592596884,1.9062665308171,52.5,51.75,235,0.15,1.48585584977644,1.31590296236614,1.38450548907537,0,4
113,0.27475846859568,17.2551776512484,1.54082123891299,1.87280786094795,-0.128034623665551,18.3844851231681,1.53454071922496,1.8258118270164,-0.235574542296128,17.9896395898268,1.56267810302507,1.85884813275255,52.5,51.77,225,0.14,1.4115399772689,1.25006967946566,1.31332311541975,0,4
114,-0.00270641691113791,17.0560670506186,1.41534460970404,1.82857993823511,-0.0962627535780079,18.0352601210513,1.50779501189422,1.82332593460992,-0.281602840074433,18.349612527191,1.40740065234811,1.79766491167812,52.5,51.79,213,0.12,1.328587660653,1.17900483533065,1.23917789060921,0,4
115,-0.57392194690374,17.0703476755795,3.38037223233263,2.306070633019,-0.527194089958549,17.1310790804429,3.44913496815088,2.34503009341434,-0.5575500068999,17.6832979274084,3.3336770391215,2.30389766469771,55,53.84,348,0.41,2.65401495567477,2.38559554716441,2.59392954654172,0,4
116,-0.298995897807173,17.2944559928688,3.30202554590985,2.28496108939173,-0.463824084893527,17.9041327979041,3.2005578951949,2.22941982896891,-0.373116692853635,17.2880185928933,3.26939047626956,2.27248494497057,55,53.86,345,0.41,2.59466112993499,2.33597393809476,2.53752797308451,0,4
117,-0.4769382294908,17.6459977143875,3.22490553447701,2.28782038744558,-0.318276312532435,17.1800343571108,3.24578073163122,2.28471241716906,-0.370134094383253,17.6201177904992,3.24375200406682,2.30992009691883,55,53.88,343,0.41,2.55742032642018,2.30128636239728,2.49848257408024,0,4
118,-0.244871931543248,17.5506611817334,3.21285927108914,2.27455491814022,-0.384563419795018,17.6387537867437,3.18354440738972,2.29972252972879,-0.332414905037403,17.3904961506045,3.21223425436838,2.28582449963064,55,53.9,341,0.41,2.52446288243838,2.26958279466329,2.46427151490459,0,4
119,-0.332594262003462,16.3067137300305,3.35782519205874,2.29392864582324,-0.276972250130034,17.7796743428143,3.14394712140177,2.26446666680255,-0.35797963015201,17.3191349765574,3.10074791464249,2.24578566117816,55,53.92,339,0.41,2.48511675446894,2.23261000556227,2.42403704883832,0,4
120,-0.400382185302935,17.7221912672243,3.05022480911541,2.23457612971046,-0.37659073350134,18.0045809373576,3.063153708978,2.26506149639819,-0.289869465486436,17.5678050839364,3.12668943990752,2.25755016143944,55,53.94,336,0.35,2.44383256658237,2.19391031441814,2.38098460622886,0,4
121,-0.215140416483551,17.7442820727311,3.08529770078942,2.25088254380167,-0.476802678386926,18.1780347203628,3.04829972519008,2.2610616915519,-0.243094306979713,17.9600418468059,3.05291295145112,2.26490645999433,55,53.96,331,0.34,2.40285771408938,2.15523072340411,2.33775432432387,0,4
122,-0.361225517351845,17.8303135808906,3.01237223373111,2.23549518115146,-0.11671010433475,18.0026058943591,2.97665699969328,2.23667874109783,-0.389556799573804,18.3039123896608,2.93707573011869,2.24066883632466,55,53.98,331,0.33,2.35939197005132,2.11584122385708,2.29374794593755,0,4
123,-0.172062400156291,17.7880797352553,2.94730271668893,2.21250284428657,-0.386391568750847,17.9856036242873,2.93035097208572,2.24293324568314,-0.339054193286371,17.5386582219215,2.9569785683699,2.22122074634282,55,54,327,0.32,2.29922214389874,2.05969121204084,2.22966735342004,0,4
124,-0.321434642925721,17.9620921134326,2.94227868853009,2.21208393476437,-0.538476800558951,17.8148945930657,2.96846109096049,2.19680109652101,-0.366533143948588,17.9970416703448,2.94664490104263,2.204989879888,55,54.02,324,0.32,2.26690328582806,2.02972591220896,2.19386575107496,0,4
125,-0.491311658392635,17.8472628160606,2.98367856880397,2.2235574735307,-0.294132438568459,17.4409566896994,3.02487448338085,2.21383146268403,-0.324882260585763,17.5069482052473,2.94295526901117,2.20517876819136,55,54.04,321,0.3,2.21932966539573,1.98409376808742,2.14371090833615,0,4
126,-0.278195782787358,17.5534622568378,2.90825278630561,2.18338027978525,-0.359297883475615,18.0891976587114,2.85367577072647,2.19138874465324,-0.158620269766381,17.8594323451735,2.8808950280896,2.18967885824757,55,54.06,317,0.29,2.17297779274967,1.93921568865833,2.09278854462498,0,4
127,-0.0971794489730546,17.5510384915434,2.84193155023469,2.20879632658728,-0.362675504559666,17.7338885439899,2.86328974681441,2.20030201869969,-0.228755896521808,16.9635339644955,3.06052267620728,2.27047732219395,55,54.08,313,0.26,2.12469648546932,1.89583567685815,2.04189339712525,0,4
128,-0.142171970361234,17.1318319307275,2.85197733842359,2.17901887761156,-0.22832969113948,18.1430495020325,2.67679517139342,2.15922104058257,-0.177581838663195,17.7122782192943,2.68566732192319,2.15234739764499,55,54.1,303,0.26,2.03056981821291,1.79515185565597,1.93003483706223,0,4
129,-0.259501750722264,17.9470602119314,2.66935519779648,2.11576536446121,-0.0873277574955708,17.977790818891,2.60407675050597,2.13002828466282,-0.296827898902883,17.0271015358497,2.83306712113209,2.17128527673045,55,54.12,299,0.25,1.98435305520413,1.75376091246505,1.87988769141283,0,4
130,-0.312428105632344,18.5979165593348,2.47407991506505,2.08183701993135,-0.0306214092227208,18.1241817177954,2.52628526498982,2.11903456167234,-0.355675269885037,18.2326902661451,2.52329628272092,2.10836143599905,55,54.14,290,0.23,1.91355032916084,1.69118283625595,1.80775418961127,0,4
131,-0.182517238058324,18.1839562279944,2.46847474831594,2.06431464807272,-0.208977316615008,17.9130581252284,2.50950688786812,2.1046907221382,-0.040163505469473,18.1844484267189,2.43858847788415,2.07123330401509,55,54.16,285,0.23,1.85837164236545,1.64254936476011,1.75168092154822,0,4
132,-0.346623633771638,18.0772380086536,2.34553028791495,2.06637263210287,-0.136651950369222,18.1870772586451,2.37041421789933,2.08774616042655,-0.184874104482784,18.155829494088,2.37531712426931,2.0812877170419,55,54.18,278,0.21,1.80574773474968,1.5964475084275,1.69657877319426,0,4
133,-0.0785566269626915,18.0987973723564,2.31521533362301,2.06123384129295,0.0427460584446578,17.9832981832115,2.35125192264528,2.08770237691799,-0.17343967628016,17.9343741425437,2.33559065350717,2.07431563424747,55,54.2,273,0.2,1.75103908140792,1.55027228360848,1.64416637544689,0,4
134,0.141230719901362,18.1758488677894,2.21205249845662,2.0484808097024,-0.303537046564691,19.2872814729012,2.18873581424223,2.07209424519692,-0.118283700732262,18.3056407805314,2.18581259055756,2.05388224290985,55,54.22,266,0.19,1.69968828906393,1.50797931109108,1.59655179754826,0,4
135,0.278488619123438,18.0822322002903,2.0686688830405,2.01454946975832,0.0406413445542289,18.3990495817816,2.11379796180563,2.00094526431036,0.158442473147025,17.9175490030673,2.11025429432612,2.01092899047554,55,54.24,259,0.18,1.6357015834388,1.45181152192395,1.53241364536615,0,4
136,-0.159521678130576,18.7389096830666,1.9627651452907,1.94102524743339,0.136563822350857,18.5092776389733,1.98708304256023,1.98091190176445,-0.250330073263217,18.5261931111262,2.00654438649363,1.97311661520096,55,54.26,249,0.16,1.57414764296798,1.40103170976741,1.47417686756032,0,4
137,-0.0442551349556458,18.7184630311437,1.82144653266272,1.94915334813063,-0.379450690197219,19.4647143159119,1.83372229757954,1.98666819188321,-0.0364235827984602,18.3075403376351,1.8879553559506,1.97251779831789,55,54.28,237,0.14,1.48570872027854,1.32349073198842,1.39025641260695,0,4
138,-0.231762337375363,17.804471048794,1.75069364945256,1.92183271906196,0.105967918429222,19.1897354486341,1.6665581255586,1.93178000519391,-0.0813244923619208,18.2760212704852,1.72906654778002,1.92773965555503,55,54.3,226,0.13,1.40683292883365,1.2548505673126,1.31442629317763,0,4
139,-0.129258563403292,17.4317747652074,1.58256481961341,1.87385604541462,0.017520823212148,17.9784609855002,1.60132781610996,1.8991685900679,-0.228611022199304,18.312557679944,1.56384073119666,1.87885725978113,55,54.32,213,0.12,1.3241689709659,1.1823162920428,1.23814946146519,0,4
140,-0.293400716016594,17.551069803016,3.17681079584118,2.27358839919013,-0.511981180269739,17.9613916689921,3.22897565427255,2.26663684962984,-0.458553286378949,18.1154600582654,3.22671499705108,2.27307028332035,57.5,56.4,346,0.39,2.60402837760052,2.35211719237349,2.54530115099908,0,4
141,-0.447394557946824,17.9846405416048,3.24799373991398,2.26372105112519,-0.237770397186442,17.431510379252,3.25526197916247,2.28381504599268,-0.361825902857866,17.6935220703182,3.25769003347557,2.2767745518167,57.5,56.42,344,0.39,2.56419812834162,2.31398019834685,2.50578901816819,0,4
142,-0.254552127795797,18.1594523551925,3.09771340872657,2.28035454949765,-0.244812409320566,17.8288907909112,3.12226166978896,2.25129850046685,-0.403299540665881,18.1713817968547,3.15968007532763,2.2704476269486,57.5,56.44,341,0.37,2.52259979969375,2.27574072446643,2.46569519713773,0,4
143,-0.462411211886051,17.8900384460875,3.19222316866842,2.26818281845211,-0.395519685071475,18.1071549081231,3.03805143587227,2.21948502490666,-0.36327415962708,18.114256580201,3.19795486644182,2.25958127771127,57.5,56.46,339,0.37,2.48293314144197,2.23853971020536,2.42232788346204,0,4
144,-0.187584041401031,17.9283949335709,3.00933384252934,2.21759920844227,-0.285556653911535,17.0395491148053,3.34784905419784,2.28083403384112,-0.452920777017575,17.6057346325784,3.21629550753099,2.23937565861715,57.5,56.48,335,0.35,2.41902446527891,2.18044320989396,2.35871348708148,0,4
145,-0.397269712546029,17.8747444341513,3.05773946829679,2.24217903133189,-0.29991619580099,17.8788564358251,2.98267609458886,2.24620984910696,-0.324601302148925,17.8652205992104,3.13216416777913,2.26529523788466,57.5,56.5,333,0.35,2.38249061972398,2.14082895702046,2.31575729436047,0,4
146,-0.37693574696035,17.6654034213988,3.18059750929233,2.26001483474471,-0.255296636655453,17.8084983298608,3.06632135659065,2.2088451538689,-0.426262796588985,17.5066152114329,3.13324271623015,2.23578284143789,57.5,56.52,329,0.31,2.33788313260704,2.09697376747274,2.26596834905781,0,4
147,-0.429080003009027,18.4939974447804,2.81972483581071,2.17617959196819,-0.416676458768788,18.6616591808234,2.76680249102707,2.14059265095369,-0.498295407484148,18.4387534978716,2.81794345247579,2.16090508612126,57.5,56.54,314,0.3,2.17407663532489,1.90297845011556,2.0590142627281,0,4
148,-0.265929801363822,17.6951790807187,2.66299498892682,2.15732579968413,-0.155602868359206,18.0325339337545,2.7626255733015,2.16291005183397,-0.156299056707168,17.8653981717874,2.76696444207437,2.17272793446736,57.5,56.56,310,0.29,2.13115843218611,1.86237030747443,2.01305159473619,0,4
149,-0.272395705515367,17.1823959292283,2.8084914343633,2.1734142303305,-0.448055546047333,18.723999178471,2.72618223775665,2.1703882250806,-0.222841128276992,17.2232582348745,2.96668832895031,2.2191080289803,57.5,56.58,305,0.26,2.08442349307575,1.82189874713095,1.9618705077527,0,4
150,-0.207008004900238,18.0442077712929,2.61151158560201,2.1240383605515,-0.275930503402387,18.5893790101011,2.61550024157045,2.12124851617885,-0.157485218158742,18.6524100047754,2.54575301578567,2.08430818027251,57.5,56.6,301,0.25,2.03037715263114,1.77615816513953,1.90756162052704,0,4
151,-0.193417385109291,18.1436006476408,2.52307997890654,2.13533275737679,-0.339879518027527,19.1242199936917,2.48224309822809,2.10998303610474,-0.119282186058043,19.1126168543761,2.4521503382592,2.12911647379576,57.5,56.62,295,0.24,1.96574904432287,1.71772807762025,1.84042997223379,0,4
152,-0.4452509312589,18.6932604963674,2.42768971335086,2.09614848793338,-0.314839148923634,18.8418088076207,2.40572503937406,2.11524028126101,-0.192824468139964,18.5047134743932,2.4424226249021,2.11551706262611,57.5,56.64,289,0.25,1.91672723828925,1.67800930792405,1.79026278651934,0,4
153,-0.17134381492643,18.4146249040726,2.40406121735892,2.10349152703086,-0.253207793747531,17.8444709799588,2.57437326624902,2.14055465940692,-0.192181120127196,18.3266699595964,2.4114139742957,2.11661905930605,57.5,56.66,284,0.25,1.85997153125316,1.63143883911108,1.73644655482386,0,4
154,-0.14998374529403,18.2564252148855,2.31924437760802,2.08126882110852,-0.132196505251395,18.4776554694241,2.38226464656478,2.07794296365536,-0.170040842122946,18.1036400200111,2.32124514223348,2.06813839855688,57.5,56.68,277,0.23,1.8032885826888,1.58296316824956,1.67973974899406,0,4
155,-0.274084371368858,18.2160339631029,2.24867261330295,2.06570083670621,-0.229048020390063,17.9922076625717,2.43358104987725,2.08948229312328,-0.306025843035083,17.4192226887061,2.40098029051479,2.08953711930476,57.5,56.7,271,0.2,1.75679456451372,1.54295727762895,1.63395988760431,0,4
156,-0.0935492426488866,18.5571433059111,2.17046234423339,2.03867505296549,-0.170903518395164,18.6270277440273,2.18396489099668,2.01864737291477,-0.16739942598203,18.4069771459674,2.09148393168581,2.00521309179946,57.5,56.72,263,0.18,1.6955915559065,1.49325527633419,1.57633195568228,0,4
157,-0.154397122526518,17.8580724191025,2.04068469969572,2.01563185830724,-0.405237559231573,18.9987129774845,2.07966197511505,2.00363627737256,-0.347647451612754,18.8626697801251,1.94299839253262,1.97852680556822,57.5,56.74,254,0.17,1.61437644944596,1.42245963352702,1.49749659540182,0,4
158,-0.211289430950796,18.934843384163,1.92944578992612,1.96009512643804,-0.221903273494454,19.2296698803732,1.89430151506207,1.9500291013083,-0.46220353176835,20.1406532192527,1.82881355931395,1.91132281007158,57.5,56.76,244,0.15,1.54861445992401,1.36896500345623,1.43790662302916,0,4
159,-0.365625221486566,18.7974891061924,1.78373431455834,1.92566071932362,-0.336755580648759,19.4215291547268,1.76755287333699,1.90200278375796,-0.266361749268342,18.8956830354721,1.75423333499688,1.89777757305592,57.5,56.78,235,0.15,1.48214728604216,1.31144368448559,1.3734056845885,0,4
160,-0.165693559505464,18.2028782332834,1.76899894744889,1.92639473501748,0.0573744414168328,19.1830263061194,1.64346911799379,1.86524630010072,-0.178111563401511,18.2562012168514,1.71875383146666,1.89871564228444,57.5,56.8,223,0.13,1.4085977577589,1.24666802410932,1.30533021295737,0,4
161,-0.0902285232926414,18.1278918244684,1.52718191326269,1.90172772974189,-0.316728575756102,17.0590904558308,1.69082306191863,1.91445543263215,-0.113110600321772,19.0968241647267,1.56617083494275,1.8974576435064,57.5,56.82,212,0.12,1.33132304699721,1.1797585275133,1.2349890719192,0,4
162,-0.520202759286094,18.6614332662311,3.03294436250873,2.23551544888676,-0.497216892848835,19.2156699907804,3.02375062337445,2.22196663536492,-0.341964890228536,18.8122018304221,3.07534335760188,2.24468408857101,60,58.88,345,0.37,2.61840796652173,2.3437881535784,2.54425635280464,0,4
163,-0.399500941867643,18.9935104455176,3.08717422613064,2.24931988135823,-0.301563776354926,16.9921785133165,3.38192035688128,2.29872141188265,-0.289029821079739,18.2223727678194,3.12944583643026,2.24896402128019,60,58.9,343,0.36,2.58295152528029,2.31002768966317,2.50665336409031,0,4
164,-0.415984333463802,18.7981715500939,3.00956587127363,2.22197182240949,-0.459460132512788,16.9171543987279,3.46952713568343,2.33599263221218,-0.458554845028012,18.5764509578115,3.12619639237975,2.25339409805193,60,58.92,341,0.35,2.54392143613294,2.27363391561311,2.46714951966202,0,4
165,-0.367967299085497,17.6646143279034,3.19318575954282,2.25322640251116,-0.269144765861333,18.991435893229,2.94301484060512,2.21075629719806,-0.288900513596655,16.8350282861762,3.38098422645063,2.29987891354626,60,58.94,338,0.34,2.48215966482341,2.2186784079095,2.4064858933341,0,4
166,-0.425307595973746,19.3064746660294,2.90573839982885,2.23365335020075,-0.592622902085895,18.0612280045397,3.12587620311028,2.24929572857443,-0.393698415514074,19.1533600673397,2.88035660739552,2.20723847167918,60,58.96,335,0.33,2.44278017195649,2.1790268770855,2.36285580977246,0,4
167,-0.328270887662259,19.1819017308726,2.90435543756201,2.21387294629523,-0.507564208212512,19.4917747799619,2.90792076128307,2.19620280874499,-0.251871122037743,19.1335599642482,2.89333590048733,2.20091461690741,60,58.98,332,0.32,2.39678157687698,2.12794969617113,2.30795215302136,0,4
168,-0.446362406261351,18.737101503504,2.83189054026185,2.19324880064674,-0.45289410302765,19.3646491881725,2.71887847064029,2.15478951980538,-0.394504531296931,16.7548908775974,3.35430088784151,2.30414647679403,60,59,329,0.31,2.35910380265735,2.09401388428602,2.26480155716497,0,4
169,-0.446761845568986,19.2825022251094,2.83919929971099,2.18074799778721,-0.43942878420651,18.8399343043118,2.89347613068634,2.20884283767481,-0.506977280295051,19.7214382039002,2.74205395061386,2.16455498940026,60,59.02,326,0.3,2.31138399875345,2.04631722190966,2.21166327787205,0,4
170,-0.336131368307714,20.0164512781682,2.68733670381572,2.12711383131832,-0.26359233070667,19.4169700488004,2.71863227434638,2.15861519529322,-0.186279704388055,19.9240730981703,2.70617501342167,2.14740461130637,60,59.04,322,0.29,2.26672724345921,2.0120716875558,2.17121082179455,0,4
171,-0.17617965450721,17.8476885982808,2.92136675898626,2.20126816015775,-0.420865256175804,19.6896004470683,2.76374148309021,2.13634675602343,-0.313461202201177,17.3540745282427,3.159948575429,2.24438440636443,60,59.06,319,0.28,2.22717705383993,1.97188396245024,2.12628364340476,0,4
172,-0.264640807929123,19.2853318383793,2.56645590928433,2.13890859566034,-0.51070953067094,19.4248161986734,2.76280475010438,2.16294028341408,-0.362010090967633,16.8242207298485,3.08236543915069,2.24328855724206,60,59.08,313,0.27,2.1634646152023,1.9149713428774,2.05752339024317,0,4
173,-0.394473932371188,16.3492055457311,3.23778988690805,2.25065010500717,-0.160462481849599,19.3261552757079,2.71712082838056,2.15804831420764,-0.169578636950541,19.675747923682,2.6050793569287,2.12269857363444,60,59.1,310,0.26,2.11740265581379,1.87199753036153,2.01149287539659,0,4
174,-0.287796362759003,17.4513636557156,2.82745107474317,2.20731463823962,-0.479364641160468,20.7168530263661,2.43668325810788,2.09287119923246,-0.550224774295282,17.9094310119976,2.98272838839838,2.22361162698282,60,59.12,305,0.26,2.06767031463673,1.8275906193077,1.96272512533604,0,4
175,-0.131717421467803,19.6881139455116,2.32990656821208,2.08252439461363,-0.264937411637483,20.4173024736964,2.33562401162513,2.08037974824673,-0.193338943148165,19.2294376007392,2.48916998006677,2.13159308636751,60,59.14,302,0.25,1.89352391778611,1.68108894483049,1.78553336737069,0,4
176,-0.144278127303656,19.5412914199029,2.39595687685025,2.09460317239183,-0.200966134171993,19.744757211039,2.42290315143,2.08444914608104,-0.272438972226435,20.9538000890828,2.15056538444052,2.02267420484709,60,59.18,283,0.21,1.84039526054392,1.63656117511042,1.73355322202489,0,4
177,-0.362870520788585,19.9983197782752,2.24586615797234,2.04301681373034,-0.198474294781363,20.1669183822692,2.28076953550919,2.04046941208157,-0.67999748108712,21.4026156825061,2.00192426534408,1.96487608679184,60,59.2,277,0.2,1.7913020866181,1.59467952727089,1.68168062919128,0,4
178,-0.297974095447728,20.1529659322583,2.04164427906923,1.98842299580731,-0.118457119467701,18.0978608128701,2.42132373698257,2.07428700965362,-0.236290477381345,19.9233262995259,2.16554683696859,2.00529682711365,60,59.22,271,0.2,1.73366848341062,1.54466746554534,1.63101425991244,0,4
179,-0.288563247918633,20.6678243335339,1.94990819785437,2.00596996189882,0.0679079377267739,19.5272545107561,2.05954808385643,2.00492190583307,-0.0132082319040833,20.2033487802184,1.96805883391099,1.98652516482613,60,59.24,264,0.2,1.68275230390769,1.50397274584651,1.58223453366974,0,4
180,-0.363655688192183,20.8339996802168,1.90738296366505,1.99802888776929,-0.226454275520177,18.6972989628901,2.17482537360678,2.03521555733104,-0.160874640767458,19.3039581615414,1.98605521681173,1.99518872219145,60,59.26,259,0.19,1.63062934872503,1.45701873669461,1.5298627815833,0,4
181,-0.213371259543551,20.3508332229068,1.83559304317804,1.94936283086754,0.0399934244283453,20.4817390543869,1.94887173298684,1.99393624223498,-0.163197589205837,21.2647434300636,1.81722748958606,1.95016830968756,60,59.28,249,0.16,1.57196634335791,1.40617114039313,1.47400783666988,0,4
182,0.068496486196822,20.1885130223611,1.65996217189073,1.89462167229844,-0.221382702758917,20.9660406948258,1.820542378048,1.94957205759547,0.0660689867782819,20.1807700322136,1.69681187036645,1.9107063680504,60,59.3,240,0.15,1.51204446205112,1.35298988422775,1.4157566355638,0,4
183,0.0806637921082757,21.6754859396071,1.36858043648605,1.84067915924971,0.0219014591038725,20.7466304725904,1.50169201531997,1.86679851159873,-0.000548579280360055,22.4393938595217,1.23781119101344,1.8075931909132,60,59.32,215,0.12,1.34505243263538,1.19604788532643,1.24131003858933,0,4
