idx,fx1_R,fx0d5_R,fx1d5_R,fx2d5_R,fx3_R,fx5_R,fx7_R,Freq_Rated,Freq_Gen,CC_bus,Power,I_R_rms,I_S_rms,I_T_rms,Load,Class
1,1.39362475445399,0.0139475189366471,0.0468039200747016,0.0100370758149072,0.183795383640312,0.519438416616505,0.336131998221283,45,43.79,361,0.51,2.84492573118618,2.72398937220626,2.84575246369428,0,3
2,1.40240926516499,0.012861712786102,0.0399458410653723,0.0156950045483137,0.168873024793395,0.501034781765545,0.39205156300964,45,43.81,360,0.51,2.81577401745139,2.69249146738658,2.81782288116469,0,3
3,1.23829756133965,0.0142215729606193,0.0381425303490617,0.0143754566499545,0.214475889387602,0.466935533695403,0.334080505142874,45,43.83,358,0.5,2.78449759761626,2.65845993417911,2.78492511723715,0,3
4,1.02295051570214,0.0169382968997875,0.0360203875567976,0.0137866829920993,0.15446825158551,0.43550688785184,0.285740680584778,45,43.85,357,0.48,2.7507607300395,2.62831461394681,2.75498614240083,0,3
5,1.33739187820378,0.0131418070436696,0.055639088300275,0.0123979528478528,0.216516185949916,0.433749437495497,0.387939486087492,45,43.87,355,0.48,2.71528666788981,2.59621524810626,2.72327601570583,0,3
6,1.38438184225858,0.0162695562163541,0.0303981256765883,0.0141631983186093,0.174816033983958,0.393488415637125,0.352151974057267,45,43.89,353,0.48,2.68187710377233,2.56223502533858,2.69079297785367,0,3
7,1.35787587745862,0.0147182530646318,0.0372742822882982,0.00966300796759108,0.205370824649244,0.400833336008642,0.317656616264388,45,43.91,351,0.46,2.64800770091931,2.5287449278422,2.6542426138428,0,3
8,1.26816465548527,0.0173816001213079,0.0507106457629852,0.0230186495194834,0.228135400519115,0.493052563020895,0.317000549370943,45,43.93,349,0.45,2.60064625514862,2.48100752676471,2.608257717608,0,3
9,0.89738328441164,0.0218026719063703,0.0430039000623841,0.0167507544656826,0.155194432398424,0.471859774307153,0.356974533027411,45,43.95,347,0.44,2.55722356708292,2.44261076324736,2.56981043942614,0,3
10,1.16794297743935,0.013935566108234,0.0346567618575424,0.0170541318548626,0.203959275164349,0.48775020446244,0.373538325739076,45,43.97,343,0.42,2.50338095804278,2.37180725432493,2.50180123112587,0,3
11,1.3261913928524,0.0221617727009682,0.0476361692374591,0.0127403636425412,0.181054450661396,0.427479310640113,0.318325087389282,45,43.99,341,0.41,2.46691223645804,2.34038967196584,2.46560111069431,0,3
12,1.28310849628973,0.0503936698913555,0.0395303554932343,0.0311944841771759,0.213981172362454,0.370773370820139,0.343812256530055,45,44.01,339,0.4,2.43137708048843,2.305960674274,2.42970343161469,0,3
13,1.20255406718427,0.0164788921104513,0.039482781616244,0.0104300126012659,0.192775621347804,0.430928036005747,0.358720899374909,45,44.03,337,0.39,2.38888911952163,2.26534284937654,2.38575273614839,0,3
14,1.03729195827583,0.0152028442036308,0.0345246122453699,0.0153710750096734,0.13560165154586,0.44448566548653,0.286263132789032,45,44.05,334,0.38,2.36195997745935,2.24103827477304,2.3605671582774,0,3
15,1.22473586378,0.0103500630499023,0.0458987081727312,0.0153564094148802,0.172045903501322,0.484742163919049,0.337483567764796,45,44.07,331,0.37,2.29639584821858,2.18580147194901,2.29254092921678,0,3
16,1.30865053619145,0.017772784744503,0.0501635355395805,0.0132801754941514,0.201003448533983,0.454708713850995,0.284617853854623,45,44.09,329,0.37,2.25125272698058,2.14161159911574,2.24754127804156,0,3
17,1.26628756582861,0.0244393539723565,0.0447010096053893,0.0248249076903725,0.16218276591291,0.431908306495652,0.345784236697614,45,44.11,326,0.35,2.21382821982242,2.10721131459713,2.21260752642799,0,3
18,1.15114535780044,0.0194876722293122,0.0494673961512926,0.0164752043816239,0.213634009063291,0.38400777853538,0.323274346541863,45,44.13,323,0.34,2.16889979440645,2.0608308223603,2.1775981740647,0,3
19,0.97813365451651,0.0104577723100599,0.0459619018748259,0.0216454521306609,0.158371423612583,0.390153856636801,0.253105443530197,45,44.15,319,0.33,2.13963754041013,2.03394005734277,2.14686785142515,0,3
20,1.10152563380161,0.0114848028757868,0.0510198087066029,0.031048519060475,0.193752646602182,0.421310792140795,0.364701187675012,45,44.17,316,0.32,2.08285204359176,1.97664081890175,2.08501676682685,0,3
21,1.16499610797305,0.0416784489337088,0.0912268048343017,0.0902752137738757,0.168690973523985,0.448017500795936,0.338461420195968,45,44.19,309,0.3,2.0334612728209,1.92656199139175,2.02727806440573,0,3
22,1.21284049494217,0.0476250004266068,0.0656590943807656,0.0613759621096683,0.171838388041708,0.439134040908262,0.309281733306337,45,44.21,305,0.29,1.96658945174818,1.86042681950652,1.95587691886361,0,3
23,1.10060560203215,0.014578237512234,0.0453266104335268,0.0099264182478701,0.19040947482919,0.378988829805193,0.28718033721813,45,44.23,301,0.28,1.91869052830687,1.81232369478189,1.90279725465541,0,3
24,0.867996376273526,0.014729463595736,0.038349089949388,0.0188417454936373,0.150440719064912,0.384602217926287,0.275356348978758,45,44.25,295,0.26,1.87147146661595,1.7645801878874,1.85109716473564,0,3
25,1.03049210611004,0.0139447821260879,0.0404008650606586,0.00988580025570749,0.199928794275115,0.370796265356733,0.315857342086393,45,44.27,291,0.26,1.82310975312624,1.72212229143076,1.80308091312747,0,3
26,1.01663220779201,0.0482904447391175,0.112053453762123,0.0681160021948157,0.189091978063872,0.367039045933199,0.264540851018195,45,44.29,283,0.25,1.77250961721088,1.67305428015254,1.75042870580367,0,3
27,1.1261731711382,0.0399708015903241,0.0800124639665858,0.0803165532932915,0.165177953252558,0.390230217819318,0.280977513370528,45,44.31,278,0.23,1.7156234238368,1.61892934107203,1.68915915568708,0,3
28,1.00122262272564,0.0150725031837349,0.0344776506183817,0.0281484466194495,0.175430827636984,0.301715301893091,0.271764103079196,45,44.33,269,0.21,1.65530553656799,1.56401179822622,1.63081266503385,0,3
29,0.822276465216152,0.0139466733192467,0.0426589011672813,0.013257877347202,0.159605424845936,0.318440789498981,0.291035353233131,45,44.35,259,0.2,1.56894193122431,1.48349074724105,1.54154168570936,0,3
30,0.888157112607254,0.011129176952383,0.0401781944647524,0.013047074145026,0.153602963112808,0.366516075085305,0.28084525255147,45,44.37,251,0.18,1.51366248188271,1.43396158291418,1.48924923179398,0,3
31,1.00745380096074,0.039799302456856,0.047191128638983,0.0246661904071803,0.155608262535948,0.269580789457713,0.258212551885659,45,44.39,240,0.18,1.44789771927156,1.37469450326303,1.4239541106048,0,3
32,0.909323121171837,0.0118737981255225,0.0275218604220266,0.00783093146331015,0.135369054570518,0.327792446691127,0.271885609429382,45,44.41,228,0.15,1.37086060583367,1.30244377382509,1.34754011272352,0,3
33,0.722786206330808,0.00876317422204217,0.0392663613758509,0.0110598059872768,0.162754033023179,0.212152393113922,0.210835719974902,45,44.43,215,0.14,1.27845166018596,1.21431481065107,1.25632986542637,0,3
34,1.25867699914312,0.0394405993889017,0.0414657465868432,0.0133166962295845,0.184252777055249,0.483454953275686,0.433484481565023,47.5,46.3,360,0.5,2.81534906273288,2.69457672625557,2.81826127266993,0,3
35,1.11206135270443,0.0330207258078085,0.0343233276458603,0.0115211574188551,0.185923600642966,0.444416879799415,0.394878744476957,47.5,46.32,358,0.5,2.755926813853,2.63420096436156,2.75916613598605,0,3
36,1.0601948918342,0.0307404626856874,0.0394244500180323,0.0115184091965809,0.195738033862305,0.482493087047308,0.348855012279738,47.5,46.35,354,0.46,2.6960176087991,2.56532667625669,2.6940235662649,0,3
37,1.11113180054683,0.0335012678200725,0.028905674636866,0.0114614993528034,0.187656850007947,0.332400980642331,0.399382307263331,47.5,46.37,352,0.46,2.65894177151607,2.52429914565839,2.65426254927601,0,3
38,1.22153143954185,0.0300891043628263,0.0419635459482307,0.0148388548266472,0.152316003330808,0.364087632505593,0.399209403218606,47.5,46.39,350,0.44,2.62266327507959,2.49162937422483,2.6201719769681,0,3
39,1.22118032141234,0.0364153440157446,0.0453160236978482,0.0155792941963771,0.150358476367141,0.462855380420595,0.414134186907524,47.5,46.41,348,0.43,2.57401999636457,2.44288923290069,2.5746427889834,0,3
40,1.11672977573417,0.0369139763105953,0.0363379899556769,0.015427189085971,0.171765956212498,0.37313343731699,0.370635639904796,47.5,46.43,346,0.42,2.53311612312318,2.40523345917434,2.53706827606718,0,3
41,0.932119213536001,0.0305635851722225,0.0345337421644682,0.0129711749279339,0.146362637067351,0.391271501860918,0.333083971084619,47.5,46.45,344,0.41,2.4934603192711,2.36906306839698,2.49679393245287,0,3
42,1.10229984603624,0.0703371957780035,0.0494408173245341,0.0262839162398695,0.187002040960179,0.350186187627762,0.407382160934775,47.5,46.47,344,0.41,2.45795012791149,2.33185278658899,2.45967062370812,0,3
43,1.17034751179703,0.0356959831843742,0.0376445190432355,0.0182145080001574,0.162906610911656,0.369688117406317,0.320873328085089,47.5,46.49,339,0.39,2.41376930493196,2.29117501972126,2.41746828961326,0,3
44,1.19431601010387,0.0398969144031291,0.0369173314888666,0.015357728839772,0.171761425387396,0.384392558300075,0.322762315422289,47.5,46.51,337,0.39,2.37629558508167,2.25580994939236,2.37823237960256,0,3
45,1.11354872962434,0.0323608199669179,0.0345818080680711,0.0143748977523142,0.175532999154494,0.413736680920364,0.281529224498578,47.5,46.53,333,0.38,2.31723818792455,2.19959586749963,2.31585610644888,0,3
46,0.920592392693045,0.0391705885427673,0.0668807601803983,0.0151930380541561,0.12322565128376,0.366125716549737,0.362404599651191,47.5,46.55,330,0.36,2.27517548763121,2.15814243740091,2.27089836093748,0,3
47,1.11702520710499,0.032571202587213,0.0409845889440946,0.0161106552305417,0.187706933673092,0.415422149480398,0.384080819291419,47.5,46.57,328,0.35,2.23306231008235,2.11832324861497,2.22822316170958,0,3
48,1.13853533022017,0.0246878842991222,0.0315824650475914,0.0146518531622044,0.168556438995075,0.334932321008015,0.297868895154556,47.5,46.59,324,0.33,2.19243995149983,2.07753743452231,2.18397456627026,0,3
49,1.13660062899961,0.0406378403256711,0.0402244151828032,0.0170445789997144,0.168400568215541,0.431426784245039,0.315881283193405,47.5,46.62,318,0.32,2.12154873290373,2.0097251160816,2.11020979356157,0,3
50,0.882010221430049,0.0309884578909,0.0309007793067638,0.019665558136534,0.134471969343549,0.364867536512175,0.252532260578157,47.5,46.65,313,0.3,2.05752638910453,1.9508195887666,2.04250157157088,0,3
51,1.18895260936484,0.115513550935352,0.121191280570046,0.0417692340349445,0.148642077711889,0.385961042306697,0.314538190963617,47.5,46.68,302,0.27,1.94898608544236,1.83137394186102,1.91100867380072,0,3
52,1.06719004798409,0.0220290489925413,0.0365554499128776,0.0200518417442944,0.158373881136066,0.392599170433764,0.352042252143335,47.5,46.71,293,0.25,1.86572108124428,1.7509292785457,1.82140266235506,0,3
53,0.855592825642336,0.0164785686344948,0.0438819766167682,0.00973904251007496,0.142356576740484,0.354431150120672,0.327677752212935,47.5,46.74,284,0.23,1.77997611173253,1.67240359892784,1.73544060808038,0,3
54,0.875244554250464,0.0617804453700446,0.104005421460287,0.0478459198618042,0.155867974913494,0.394158739770008,0.225261546769477,47.5,46.76,278,0.21,1.71631294549705,1.61393840296727,1.67118669825697,0,3
55,0.979631977866556,0.0914065184845865,0.0815522673931181,0.0497154112109439,0.147403745295888,0.324248452130239,0.28804870297259,47.5,46.79,256,0.2,1.64433759948596,1.54601963697783,1.59861266467508,0,3
56,0.937950016757767,0.0290074868004543,0.0442410848907823,0.0136225350670979,0.148756951532887,0.338889874798751,0.233528130130519,47.5,46.82,253,0.18,1.53524309069037,1.44782761826643,1.49029656042839,0,3
57,0.756280025441885,0.0226070018441701,0.0258663950490152,0.0206099403032447,0.108421970513599,0.306469183853914,0.261287098297094,47.5,46.85,235,0.16,1.41367780471263,1.33454179796798,1.3728181678084,0,3
58,0.768622048836247,0.0263810210644733,0.0396088162854591,0.0203103858232064,0.112313674992572,0.284527141799011,0.251036319358642,47.5,46.88,211,0.13,1.25931946459275,1.19400037960623,1.22305345175378,0,3
59,1.2006341035909,0.0208269071231091,0.0418975228263295,0.0276311488780811,0.17252758569947,0.335470798865874,0.423916211652233,50,48.81,362,0.52,2.85550890549537,2.71873777452002,2.84954826011955,0,3
60,1.17977656250697,0.0619246178865838,0.0503422211590035,0.0423088741301488,0.189288301541098,0.32992863590215,0.460363741769823,50,48.83,361,0.49,2.81670656398863,2.67852355661397,2.81302589950074,0,3
61,0.951271473895601,0.0209690923548599,0.0346693871487266,0.0409690201620191,0.149603382671647,0.317707997339634,0.328333374393631,50,48.85,359,0.48,2.78155578485085,2.64242275340525,2.77677741961327,0,3
62,1.14427965545482,0.0168186993403192,0.0408415139441743,0.0444263137420032,0.188829748310458,0.376327744103894,0.417027697239666,50,48.87,358,0.48,2.75126446303673,2.61531924555176,2.74617890582401,0,3
63,1.2800583628592,0.0145234948841645,0.0319449027162864,0.0457820149823424,0.173813573142741,0.393751553534589,0.316100571759504,50,48.89,356,0.47,2.71775773205469,2.57903438487906,2.71397759827231,0,3
64,1.17781190168572,0.0207927303286512,0.0303185920276644,0.0282340134690386,0.14565263590888,0.34879593741449,0.435896183020067,50,48.91,354,0.46,2.67501449305018,2.53886833468497,2.67287673231142,0,3
65,1.1639214935471,0.0161426207438484,0.0361948846071204,0.0244071571188945,0.188007031284483,0.337485845957647,0.400644398619849,50,48.93,352,0.45,2.63161435368699,2.4957932156588,2.62733987607183,0,3
66,0.937119897136435,0.0191895827469481,0.0534731621381854,0.0273885219462157,0.129201310623945,0.355038014535867,0.324823189481627,50,48.95,350,0.44,2.5908214615773,2.45819217164186,2.58844303366333,0,3
67,1.06936015921871,0.0101309846724527,0.0325956329366229,0.0337940495547181,0.214896848248846,0.351864551074977,0.443918779555597,50,48.97,347,0.42,2.54603869063526,2.41681393215947,2.54459967597896,0,3
68,1.19367443455461,0.0183248754790145,0.0374169246869796,0.0291993108584974,0.148974180405735,0.357403325163215,0.399887872984151,50,48.99,345,0.41,2.50561266121574,2.37497885303897,2.50369159269188,0,3
69,1.23561905799627,0.0186652328007456,0.0477590417488761,0.0320862341936719,0.168819023423081,0.379597203159743,0.458684282282607,50,49.01,342,0.4,2.4491011062703,2.32115476017961,2.44574743597823,0,3
70,1.02760113823099,0.0202621355445415,0.0355707247422124,0.0262674186353909,0.179613338525336,0.343185062777134,0.363406961355564,50,49.03,338,0.38,2.39012185121547,2.26529526775766,2.38561816163358,0,3
71,1.06421756557532,0.0168547885230595,0.0412724850462008,0.0314457460840116,0.196415486877284,0.32611765191428,0.39589896516005,50,49.07,336,0.37,2.33141039288713,2.20805457147418,2.32519564029567,0,3
72,1.13781867831989,0.0142871678608491,0.0411199562201581,0.0181967917215094,0.157733028977853,0.343341259023604,0.366815802091536,50,49.09,332,0.36,2.29954547747265,2.17762914915635,2.29667451278546,0,3
73,1.1453331580076,0.0155073613299424,0.0400463995079348,0.0374141867255514,0.156606478303396,0.331928492320231,0.360542255225365,50,49.11,339,0.35,2.26419765951396,2.14732838459674,2.25916546939318,0,3
74,0.854495583295654,0.0124484084544103,0.0371759196536245,0.0329935610499041,0.147739242634526,0.326032661712591,0.39715320875378,50,49.15,319,0.31,2.13331928566003,2.00380409202985,2.11058338100473,0,3
75,0.967439613558092,0.0120904784230621,0.0316398814874916,0.0185452377832359,0.182773323325026,0.320065411580584,0.379790683007507,50,49.17,312,0.29,2.04568362288681,1.92403033812876,2.01663759329455,0,3
76,1.06387881901516,0.0164725417989602,0.0291599176148987,0.0248759056940105,0.160819678458778,0.322283432070119,0.263477141328855,50,49.19,308,0.28,1.99131764052168,1.87047138197717,1.95820153279298,0,3
77,1.08002990671904,0.0661846806725751,0.042721075509426,0.0302152216860694,0.143371223979958,0.345635432547427,0.361738665874107,50,49.21,302,0.27,1.94177980257494,1.82181095069149,1.90600680144638,0,3
78,0.894595151979691,0.0303816416038751,0.0317783020866668,0.0194540645292627,0.151182765944128,0.330611246286792,0.388334137997159,50,49.24,293,0.25,1.8482335383227,1.7326255570411,1.80605267407555,0,3
79,0.913907676933047,0.0115724443807353,0.0370093915163425,0.0263355290787798,0.149005771811156,0.300487453896441,0.316074820462916,50,49.27,280,0.22,1.73891263665782,1.6321244878946,1.69428706328261,0,3
80,1.01229463503605,0.0503175667510833,0.064239214823412,0.0237871402731182,0.172555249734087,0.317050140690268,0.360077625895795,50,49.3,271,0.21,1.66670941086913,1.56623691746863,1.62130131117301,0,3
81,0.825487351409276,0.0174400814740948,0.0312333658790314,0.0169933488956495,0.156013720174039,0.247747451451599,0.303584294683207,50,49.33,259,0.18,1.55805674696786,1.46835718648075,1.51605758816626,0,3
82,0.782907941643775,0.00991301445206671,0.0267053572431522,0.0169283640569318,0.149880493950756,0.258264559943246,0.231966334638055,50,49.36,241,0.16,1.44404391384908,1.36354490007228,1.40374521723353,0,3
83,0.795847174120577,0.0110319589128587,0.0287698588539156,0.0169363659652616,0.146237815399509,0.23966569484209,0.252616565288301,50,49.39,224,0.14,1.33221007994295,1.26025129249867,1.29498942932783,0,3
84,1.26878079550996,0.0122514489067604,0.0281855208797612,0.0231436646418508,0.188360861052332,0.410799859813981,0.426141648852966,52.5,51.3,365,0.5,2.89284747569835,2.74391288308382,2.88405737647885,0,3
85,1.09880956275645,0.064760524013885,0.0406759468691824,0.0727460466881977,0.134156153582013,0.391685105047918,0.331938803048499,52.5,51.32,364,0.49,2.87036751383703,2.72677982783157,2.86367703024007,0,3
86,0.964048546640374,0.0412777186070678,0.0427790414116102,0.0282350274639687,0.162117941952762,0.429576978471871,0.451216635729528,52.5,51.34,362,0.48,2.83314141686826,2.68937774868323,2.82646714519611,0,3
87,1.13629713962914,0.0125267554393327,0.0279148212219994,0.014041534770573,0.191354422098029,0.399354084569618,0.425907222576252,52.5,51.36,360,0.49,2.79295274859482,2.65146287397084,2.78823176133128,0,3
88,1.0687445271399,0.018667012590705,0.029117883408873,0.0164581418307616,0.146325533587221,0.412217925592881,0.393772718057055,52.5,51.38,359,0.48,2.75470850006708,2.61437087267207,2.75194714349157,0,3
89,1.16348832736249,0.0138394829532801,0.0364456193378478,0.0130841269761722,0.183464226845605,0.38841987335414,0.393793621547214,52.5,51.4,356,0.47,2.70312724330244,2.5644590917694,2.70245284272353,0,3
90,1.09285490773063,0.0194460244446611,0.0551432129832164,0.0112479473597585,0.17179131053462,0.408044986939182,0.418033381876211,52.5,51.42,354,0.45,2.6633370641756,2.52400443682357,2.66052010483996,0,3
91,0.942331112464838,0.0251426936865896,0.0356232707969383,0.0117032677451391,0.153834988833885,0.381598669176341,0.448994947222012,52.5,51.44,352,0.43,2.60528106624185,2.45692186145711,2.59907548016321,0,3
92,0.955782953980254,0.0221018898638143,0.0420253857372132,0.0146070535197575,0.182048480727324,0.388027593100847,0.394615736922848,52.5,51.46,349,0.42,2.58258387303857,2.44294425734456,2.58134849000098,0,3
93,1.15088379678072,0.1354513367106,0.0530383863297994,0.0500111018062155,0.148332156224227,0.425054382136185,0.38806935085188,52.5,51.48,347,0.41,2.54097019612405,2.41080885078044,2.5483640185898,0,3
94,1.19586895006073,0.122022927975715,0.0956607257919891,0.0445986251967697,0.18861395463021,0.408368582121912,0.47150789136726,52.5,51.5,345,0.4,2.49506691713062,2.36101814834402,2.50045970358387,0,3
95,1.07779212530875,0.119888200119702,0.0887668330431835,0.0574875690680832,0.146811718987286,0.403650136731576,0.386934263994325,52.5,51.52,343,0.39,2.45300311559256,2.32225208183323,2.45500447297916,0,3
96,0.879867638475772,0.0123971824575543,0.0350513709547514,0.0113337113031379,0.145067976223646,0.36287171866527,0.423394647942304,52.5,51.54,339,0.39,2.39541488141186,2.26912164772431,2.39568466465017,0,3
97,1.04566384510567,0.0179079565376811,0.0304789876149796,0.0119921303032475,0.185654465154738,0.400617240207447,0.328333735465816,52.5,51.56,336,0.39,2.35294990560532,2.22842598329837,2.34833387612616,0,3
98,1.08852442223599,0.102350055212297,0.124198545932513,0.0607126986207259,0.134339144016541,0.407336391629877,0.420966626981641,52.5,51.58,333,0.36,2.28519460937495,2.16118716468519,2.27426613063283,0,3
99,1.08767194906783,0.125986838196742,0.126216672241317,0.0642489959081177,0.185946868756733,0.388255246836638,0.405346095538,52.5,51.6,331,0.34,2.25505928816595,2.13840480141905,2.24921671005697,0,3
100,1.03098948143523,0.0497190932916734,0.0472668947474646,0.0237528890169303,0.15627372504767,0.398965606507275,0.315478003346387,52.5,51.62,326,0.33,2.20928340662946,2.09526797524648,2.20075626231759,0,3
101,0.944834771354476,0.0205469564836713,0.0431283863920802,0.0177608721349071,0.187935374473359,0.404207026332368,0.413339890397434,52.5,51.64,323,0.32,2.15899494214859,2.04438785721475,2.14987444417316,0,3
102,0.882894134218473,0.0186167076036076,0.0309682392518517,0.0135409205719966,0.184930077932179,0.403817807678646,0.396821034475704,52.5,51.66,319,0.31,2.11301082219952,1.9976773170078,2.09816679435418,0,3
103,1.00801487769416,0.0184704693143859,0.0400893065803434,0.0137302382094595,0.122596449024762,0.353774140099975,0.416559479797641,52.5,51.68,306,0.28,2.05526967917608,1.92775598185703,2.0294207883273,0,3
104,0.998384242570677,0.0171712791480258,0.0268310761520044,0.0155472976906988,0.181263251353831,0.360392636832913,0.373228356512441,52.5,51.7,300,0.26,1.93375390010218,1.79330675374086,1.88071276265403,0,3
105,0.892087543047367,0.021286633177878,0.030268604163961,0.0128547863537191,0.173252425490082,0.287685666627087,0.385519636754223,52.5,51.73,292,0.25,1.86125811349613,1.72602420330018,1.80775740267242,0,3
106,0.814394093061925,0.0424434032048564,0.0390737184699877,0.0328697297894902,0.157274952783293,0.358894716422812,0.31955237894819,52.5,51.76,282,0.23,1.76193097273127,1.63385073749998,1.70527918249102,0,3
107,0.894284822141623,0.0125823976116689,0.0304651624728746,0.011026876604815,0.169530552380455,0.261998815514158,0.264108256303853,52.5,51.79,270,0.23,1.66130912798584,1.54504737719183,1.60633010905569,0,3
108,0.796885503995176,0.0170218365712807,0.0368658521695439,0.0110140666699226,0.134204884165514,0.294342474497889,0.31391112404012,52.5,51.83,256,0.18,1.55482883626949,1.4493677785885,1.50169273556388,0,3
109,0.609389129260239,0.0391407369503938,0.0434610126201947,0.0144355135619048,0.118952239703739,0.212498253089469,0.234802481705556,52.5,51.85,243,0.16,1.45803043325849,1.36116368085475,1.40572209990072,0,3
110,0.757910410475412,0.00705545173939041,0.0379867508438899,0.0161047917070453,0.125975966088419,0.263847200398879,0.242394382752858,52.5,51.88,220,0.13,1.31354171810064,1.2290997901577,1.26905051209895,0,3
111,0.953564292478214,0.0100480510218379,0.0278707444277475,0.0153722914248427,0.220665809344199,0.473733301228031,0.412421143572711,55,54.32,368,0.5,2.95341821489673,2.81386823560744,2.96831365286216,0,3
112,0.851157839966006,0.0223808639121885,0.0273030287673447,0.0110482339232619,0.214664212895243,0.471168369102189,0.472728158237622,55,54.34,367,0.5,2.91744272153001,2.77855574004839,2.9344831281425,0,3
113,0.84226494449254,0.0157479974341326,0.0322245404303962,0.0113709312685871,0.197573445527188,0.448548429602213,0.439166736156418,55,54.36,366,0.49,2.88559385044133,2.74872537565787,2.89967603507421,0,3
114,1.05378958034428,0.0105644375406135,0.0251010606119359,0.0127194137340437,0.209614489393588,0.392438622174065,0.414685862233704,55,54.38,364,0.49,2.84585044763879,2.71012658982141,2.86290321552975,0,3
115,1.04989899815112,0.0198922644391996,0.0338754750983387,0.0149200256509017,0.215347938919656,0.45853159990739,0.440108771776488,55,54.4,362,0.47,2.81046335374073,2.67293155826342,2.82376516204059,0,3
116,0.888290679129675,0.0169884397363868,0.0247999576343187,0.0150306331260886,0.227305744535801,0.335819900473056,0.429256101507238,55,54.43,359,0.46,2.74258332680862,2.60737733660034,2.75850068780922,0,3
117,0.745390302929322,0.0178339183432937,0.0250606570159449,0.0124835563298783,0.168058466669407,0.348504996288011,0.310704539125221,55,54.45,357,0.46,2.70414240859386,2.5685055856315,2.72178676059707,0,3
118,0.878583170437073,0.0114490044155226,0.0361611242052391,0.0153516270147955,0.20057157186035,0.323085102682045,0.432462423689008,55,54.47,355,0.46,2.67975670416694,2.54651634824254,2.69721621283023,0,3
119,1.00966830891273,0.0148882489338651,0.0293808000322921,0.0111292421910534,0.207276451537,0.385558428964099,0.40108547982901,55,54.49,352,0.45,2.61490979538313,2.4831509634937,2.62881376580478,0,3
120,0.956928230048094,0.0444033146655478,0.0288767391759058,0.0240062154510984,0.140287103395491,0.406288344867385,0.447480214907084,55,54.51,350,0.41,2.56792171619652,2.43591551176116,2.58124304446871,0,3
121,0.866230601350813,0.0151420912617262,0.0254917909122505,0.0262000225486452,0.192606308315868,0.368592746351236,0.430510828177605,55,54.53,347,0.4,2.52654654522196,2.39270462635219,2.53661464618449,0,3
122,0.704717534236261,0.0135552599936196,0.0336434695745465,0.0150963968315578,0.150161319751559,0.340838604303273,0.394107849355408,55,54.55,341,0.37,2.43395842557396,2.28234578423042,2.42065816659538,0,3
123,0.844227543242437,0.0125000492367325,0.0313331052761766,0.0133369360439128,0.199207097440344,0.322023451723689,0.436987414419072,55,54.57,338,0.36,2.38235847523232,2.23539115936567,2.37425037469668,0,3
124,0.926372274542533,0.034038588340229,0.0431537216585477,0.0331530506969606,0.179700610130736,0.31749028685179,0.364735406827217,55,54.59,335,0.34,2.33345060241941,2.18740073937396,2.32142306058173,0,3
125,0.886998369075606,0.0155405247296191,0.0360576760666578,0.0108048965883121,0.171917190130738,0.443114514040536,0.33394224033833,55,54.62,329,0.33,2.25718894833362,2.1202184304297,2.24369260958165,0,3
126,0.709753688529795,0.0143275845701824,0.0327055484960561,0.00696321127597322,0.155322771003321,0.392391570711397,0.397981822029169,55,54.65,321,0.31,2.20745093354682,2.08410065589198,2.19940605997762,0,3
127,0.842031116755379,0.0759017290640032,0.055435816335511,0.0641654079183836,0.148737825442143,0.429453780543655,0.31604309057644,55,54.68,318,0.29,2.09435043924256,1.961426708291,2.06755905175883,0,3
128,0.870067709186988,0.0145987071492354,0.0331691240783332,0.0127345853927725,0.170346830860157,0.311190726617884,0.358954162132588,55,54.71,309,0.27,2.00500344158078,1.87387699813649,1.97130165839089,0,3
129,0.737622962027704,0.0184364454418055,0.0371160024044305,0.0184644167260101,0.160331671544075,0.373787396583385,0.391969661199481,55,54.74,301,0.26,1.91673718170784,1.79107291482218,1.87722674842386,0,3
130,0.728302342879217,0.0151907651822973,0.0288139243213324,0.0126793203082449,0.16126958232806,0.341895988527489,0.29985025962212,55,54.77,280,0.23,1.74201104017028,1.61281553379135,1.68340520708446,0,3
131,0.772037388966444,0.0133372431378807,0.0278716242378017,0.0120426756542089,0.165506009985401,0.368194935704614,0.356788131461791,55,54.8,269,0.22,1.65726679618978,1.53854521729847,1.6001989154801,0,3
132,0.587201986403158,0.0115266842598331,0.0338776038133609,0.0170911571227721,0.164208485260217,0.302038792381476,0.223410202688813,55,54.86,238,0.16,1.42120755682252,1.32553594322756,1.37000581858005,0,3
133,0.614891349380351,0.0635275132467074,0.0835085429690327,0.0971049211756431,0.16623126224984,0.292578650620554,0.247975631555183,55,54.89,218,0.12,1.27359736215997,1.18955897594776,1.22564174080385,0,3
134,0.779425435815724,0.0142673283161112,0.0273584517197675,0.0293606419853038,0.23722913271429,0.494712360409758,0.409706690927148,57.5,56.26,373,0.51,3.05752691611506,2.91019212001208,3.07794426570687,0,3
135,0.892425750791667,0.0162166472297673,0.0307563135913744,0.0172231013800104,0.150212687670334,0.502720537137483,0.415372950437881,57.5,56.28,371,0.51,3.02412631855873,2.8790411800371,3.04535297134199,0,3
136,0.932282640716994,0.0223122881666947,0.0343354297544011,0.0279937197297716,0.226421305552698,0.487236850118775,0.478197525219288,57.5,56.3,370,0.5,2.99140279253103,2.84509281182036,3.01227209029035,0,3
137,0.903741478933429,0.0208213017852664,0.0383384760470202,0.0208799932372841,0.178455605724827,0.497870122480596,0.434635269848133,57.5,56.32,368,0.49,2.95453733548857,2.81154590893707,2.97798633558602,0,3
138,0.678441821980531,0.0140914799607875,0.031276867406798,0.00999741340054051,0.162157441096445,0.45188970057032,0.471189616213177,57.5,56.34,366,0.48,2.91375039287244,2.770962857615,2.93543361255305,0,3
139,0.797176447790289,0.0145876360270086,0.0230000382449116,0.0132126880614302,0.227939315790985,0.434546376920268,0.3228031348781,57.5,56.36,365,0.48,2.85993533316296,2.73760808310754,2.88535133564961,0,3
140,0.888921296909978,0.019265369830283,0.0382084588203802,0.0320827722250586,0.142038142166042,0.460325133000255,0.427238417212755,57.5,56.38,363,0.47,2.82408164073228,2.70236223776826,2.85047002357086,0,3
141,0.889600437028535,0.0223640961387576,0.0225446187969516,0.0140544008421369,0.236645204257563,0.46696631924586,0.446277056055042,57.5,56.4,361,0.47,2.78766442318648,2.66420656093988,2.80959688416629,0,3
142,0.853839078816385,0.0166966547231223,0.0327813337133779,0.0115325450177857,0.171352920704491,0.503615141202868,0.353864580841906,57.5,56.42,359,0.47,2.7471692607145,2.62312161966585,2.77077307067612,0,3
143,0.689707415852358,0.0632884467487308,0.0336961874593458,0.0567659486138511,0.148762921446876,0.421625976774546,0.394742310556619,57.5,56.45,356,0.42,2.67932472840154,2.55672270755002,2.70528925820755,0,3
144,0.870060459591155,0.009628925241597,0.0260028354415909,0.0115820561722859,0.176090403015755,0.370621996247838,0.428287129723117,57.5,56.51,346,0.38,2.50479029791024,2.37018548211703,2.50618112818497,0,3
145,0.661632207221333,0.0759315739246648,0.0508881851280255,0.0777454780366441,0.190135898017645,0.465595769457083,0.428795526774186,57.5,56.54,342,0.38,2.43953012881849,2.30779856481424,2.43487764730943,0,3
146,0.794234267823661,0.0233552975498078,0.0620080743457268,0.019425915311265,0.188472865445236,0.425056687586681,0.395176512172432,57.5,56.57,338,0.35,2.36727989854373,2.23675437371274,2.35777809977767,0,3
147,0.841520204424351,0.0121047290626985,0.0299667107981628,0.00964353561124004,0.222927319277131,0.47976060769975,0.426129809297595,57.5,56.6,333,0.34,2.31312789542479,2.18627616559652,2.29983831087548,0,3
148,0.695064384587038,0.0124461463596456,0.0285782355106725,0.00982899840598749,0.19187090673341,0.353657214560238,0.405507775875131,57.5,56.63,329,0.32,2.21847221771402,2.08273119724253,2.19201712517645,0,3
149,0.832449133308971,0.0108733756121059,0.0248453434454144,0.0123865045806344,0.207942814046807,0.432505760058483,0.333899088796654,57.5,56.66,323,0.32,2.16264860147816,2.03772793132527,2.13718623763101,0,3
150,0.767480224886889,0.0230955727540973,0.0238703692332658,0.0223202797352207,0.208068339040375,0.404505534907371,0.376923500316254,57.5,56.69,318,0.3,2.10332080073483,1.97953184670267,2.07552222621695,0,3
151,0.759585147303805,0.0121090693704924,0.024155604271483,0.0130578124514487,0.152160080082744,0.451758092907199,0.297464631479177,57.5,56.72,312,0.28,2.04103981916907,1.9198242054555,2.00859720521468,0,3
152,0.498253391994839,0.0143011763308571,0.0203298127802228,0.0115236169404309,0.144300029505827,0.324803781040032,0.334932781545244,57.5,56.75,304,0.27,1.94730036667696,1.83204329466391,1.91196369239987,0,3
153,0.711133615847484,0.0105499597483677,0.0313710927898154,0.0104263419154508,0.151865277345928,0.438872723106441,0.42639442496487,57.5,56.78,290,0.26,1.84526845526044,1.73658805781317,1.80853601150077,0,3
154,0.655601661171673,0.0106070207261353,0.0265817563663358,0.0100520380209101,0.128809657449067,0.398760071033133,0.341292645285453,57.5,56.81,285,0.24,1.67865134265675,1.56868191472117,1.62723232144723,0,3
155,0.539620337665202,0.0133791462210344,0.0294821232318575,0.00864197513389352,0.150643067828229,0.386506252629973,0.343403816912191,57.5,56.84,258,0.2,1.57023419360903,1.46265038169029,1.51552872785933,0,3
156,0.565977659606463,0.0136463114358053,0.019855836787241,0.0110398431403765,0.14694939108145,0.263441905941975,0.306901867563761,57.5,56.87,241,0.19,1.45096123243794,1.35555314696352,1.39882373325118,0,3
157,0.5455814751808,0.00911999323651191,0.0338834210338544,0.0103469703080788,0.143886338109963,0.27443011762315,0.23959731749006,57.5,56.9,215,0.18,1.31164058195095,1.22758970082076,1.26370271904193,0,3
158,0.716325362774276,0.135519318991769,0.185661259957738,0.0714428180976299,0.154124123965635,0.529440753651116,0.447006565837231,60,58.78,373,0.5,3.07054267060206,2.94453434574189,3.09426865389717,0,3
159,0.705306657110533,0.133589502986966,0.209381530354122,0.0524119756913664,0.168825714941624,0.416073432372344,0.442939919622679,60,58.81,371,0.49,3.017022453472,2.88692479073906,3.03729906250594,0,3
160,0.663094968998649,0.121858634538922,0.15391780447759,0.0830195844195006,0.153026295906409,0.51703502904848,0.385109061635115,60,58.88,371,0.49,2.87248852151293,2.7508151255775,2.9007212470558,0,3
161,0.653230112569173,0.0253882731537016,0.0398977210794223,0.0141014975203286,0.170268858615278,0.431104718136817,0.462283170841086,60,58.91,362,0.44,2.82285649417071,2.6980330231285,2.84380300518207,0,3
162,0.521464076154923,0.0236285600347923,0.032840718046066,0.0146792831032062,0.159914615109859,0.436009238536489,0.423859503176067,60,58.94,357,0.44,2.75203257603025,2.63077923875148,2.77463716642561,0,3
163,0.553486598667296,0.0288410463283854,0.0335735525687106,0.0113016577509091,0.223015212648056,0.373301000184342,0.436351961413897,60,58.97,357,0.43,2.70552022006524,2.58752920953899,2.72455445174917,0,3
164,0.6309044636575,0.016274008196887,0.0333753515205099,0.0107247334907892,0.21448763752088,0.519304464969613,0.463531839549519,60,59,355,0.41,2.66909296320753,2.55239532283213,2.68790163946574,0,3
165,0.590739348556254,0.0293480001522674,0.030701638557864,0.0204984169898297,0.232720236072608,0.484427501703974,0.338458253574113,60,59.03,351,0.39,2.59955491529609,2.48107029264521,2.61170918898867,0,3
166,0.499777426245978,0.0142025727308893,0.0272074768511772,0.0190956992953512,0.204814131218802,0.497253668399796,0.448132244346734,60,59.06,348,0.37,2.53766350743259,2.42071327072111,2.55060871259773,0,3
167,0.574357821336062,0.0239591252529944,0.041213390106088,0.016428828684733,0.207723913827963,0.390248621051068,0.458393791966345,60,59.07,359,0.43,2.74610046746651,2.62458921003351,2.76648986744824,0,3
168,0.60544293085384,0.0113066444929652,0.0220685997061937,0.010651817602632,0.215460686363816,0.364364240412497,0.295479980513402,60,59.09,344,0.37,2.46660928857894,2.34633822182057,2.47201116518278,0,3
169,0.585672987307429,0.0707499667842145,0.0443608875202501,0.0384988183047998,0.200550102034783,0.492774718412475,0.331211291471966,60,59.12,339,0.33,2.39659217292155,2.27173827574616,2.39052678337659,0,3
170,0.499870589235853,0.0131453868317115,0.0250569462438898,0.0137388760408667,0.17544087647595,0.442615648008013,0.385615182279704,60,59.15,329,0.33,2.25400441433536,2.10976195032274,2.2228414620175,0,3
171,0.536428457135433,0.013876791071996,0.0214411890265405,0.0148304802829848,0.157177677834844,0.488372264732006,0.337326096501827,60,59.18,324,0.3,2.18952527890579,2.05146347681253,2.16134893812721,0,3
172,0.576182445089791,0.0742485383524828,0.0801460989317681,0.0533144842845874,0.145734889671302,0.383080410622631,0.394278146727492,60,59.21,318,0.28,2.10653218285535,1.96739151087351,2.06406238752433,0,3
173,0.42226033273129,0.043699486077185,0.0245498774060627,0.0354348580577619,0.158547257496412,0.414504715230631,0.382553111191826,60,59.24,309,0.26,2.01295405860973,1.88494632459433,1.97401982305103,0,3
174,0.47420973376487,0.0106237120725227,0.015354274905678,0.0148101020151252,0.180671654249454,0.349651279062931,0.366592866791274,60,59.27,302,0.24,1.93662613627187,1.81184718654686,1.89260333407831,0,3
175,0.495013828923969,0.00968664544059908,0.0240910485848129,0.0106138055076974,0.179444692102778,0.413815963845308,0.390690737662803,60,59.3,293,0.23,1.84129393028798,1.72771121308283,1.798075564656,0,3
176,0.381672564496006,0.0453204098030352,0.0333190909412752,0.0287676997749018,0.18546370009805,0.339503320610301,0.288017702108663,60,59.33,282,0.21,1.73927509776488,1.63219424620572,1.69624834347077,0,3
177,0.445395892487054,0.0124918807230991,0.0228140731903354,0.0124472835877881,0.170378702618299,0.331558647829538,0.247846715352842,60,59.36,259,0.15,1.56804203097437,1.46522647997086,1.51258184035238,0,3
178,0.469194236563611,0.0205593476689434,0.0307566076857529,0.0161018501594878,0.151816695798346,0.278712675833352,0.232987704773373,60,59.39,245,0.15,1.46944909808807,1.37710602250833,1.41618693048961,0,3
179,0.414162920581509,0.00724734563649488,0.0186525313249372,0.0172766167874036,0.12178291937009,0.308929923099521,0.220630297237082,60,59.42,218,0.13,1.29517307116434,1.21104095147989,1.24902748985309,0,3
